Country,Year,Suicide_per_100k
AUS,1960,13.1
AUS,1961,14.5
AUS,1962,16.9
AUS,1963,19.2
AUS,1964,17.8
AUS,1965,18
AUS,1966,17.4
AUS,1967,18.4
AUS,1968,15.6
AUS,1969,14.9
AUS,1970,15
AUS,1971,16.3
AUS,1972,15
AUS,1973,13.8
AUS,1974,14.1
AUS,1975,13
AUS,1976,12.6
AUS,1977,12.9
AUS,1978,12.7
AUS,1979,13
AUS,1980,12.3
AUS,1981,12.5
AUS,1982,12.9
AUS,1983,12.1
AUS,1984,12.2
AUS,1985,12.6
AUS,1986,13.6
AUS,1987,14.2
AUS,1988,13.8
AUS,1989,12.9
AUS,1990,13.4
AUS,1991,13.7
AUS,1992,13.3
AUS,1993,11.9
AUS,1994,13.1
AUS,1995,12.2
AUS,1996,13.5
AUS,1997,14.5
AUS,1998,14.1
AUS,1999,13.3
AUS,2000,12.6
AUS,2001,12.8
AUS,2002,11.9
AUS,2003,10.9
AUS,2004,10.6
AUS,2006,10.5
AUS,2007,10.6
AUS,2008,10.9
AUS,2009,10.7
AUS,2010,10.9
AUS,2011,10.7
AUS,2012,11.4
AUS,2013,11.3
AUS,2014,12.5
AUS,2015,13.1
AUS,2016,12.1
AUS,2017,13
AUS,2018,12.3
AUT,1960,24.2
AUT,1961,23.2
AUT,1962,23.8
AUT,1963,23
AUT,1964,24.1
AUT,1965,24.4
AUT,1966,24.6
AUT,1967,24
AUT,1968,23.7
AUT,1969,24.3
AUT,1970,26.4
AUT,1971,24.9
AUT,1972,25.5
AUT,1973,24.2
AUT,1974,25.7
AUT,1975,26.1
AUT,1976,24.4
AUT,1977,25.8
AUT,1978,26.1
AUT,1979,26.5
AUT,1980,26.9
AUT,1981,27.9
AUT,1982,28.5
AUT,1983,27.9
AUT,1984,27.6
AUT,1985,28.1
AUT,1986,28.7
AUT,1987,27.6
AUT,1988,24.6
AUT,1989,25.1
AUT,1990,23.9
AUT,1991,22.9
AUT,1992,22.6
AUT,1993,21.7
AUT,1994,22.5
AUT,1995,22.4
AUT,1996,22.3
AUT,1997,19.7
AUT,1998,19.5
AUT,1999,19.3
AUT,2000,19.4
AUT,2001,18
AUT,2002,18.6
AUT,2003,17.4
AUT,2004,16.7
AUT,2005,16.2
AUT,2006,14.7
AUT,2007,14.6
AUT,2008,14.1
AUT,2009,14.1
AUT,2010,13.9
AUT,2011,14.1
AUT,2012,13.7
AUT,2013,13.6
AUT,2014,13.9
AUT,2015,12.9
AUT,2016,12.2
AUT,2017,12.4
AUT,2018,12.1
AUT,2019,11
BEL,1960,16.3
BEL,1961,16.2
BEL,1962,15
BEL,1963,15.6
BEL,1964,15.5
BEL,1965,16.7
BEL,1966,16
BEL,1967,16.6
BEL,1968,17.1
BEL,1969,16.8
BEL,1970,18.2
BEL,1971,17
BEL,1972,17
BEL,1973,16.4
BEL,1974,17.1
BEL,1975,17.5
BEL,1976,17.9
BEL,1977,20.3
BEL,1978,22
BEL,1979,22.7
BEL,1980,23.4
BEL,1981,23
BEL,1982,22.8
BEL,1983,23.8
BEL,1984,24.6
BEL,1985,23.8
BEL,1986,22.8
BEL,1987,23.1
BEL,1988,20.5
BEL,1989,19.5
BEL,1990,19.2
BEL,1991,18.1
BEL,1992,18.7
BEL,1993,21.3
BEL,1994,21
BEL,1995,21.1
BEL,1996,19.6
BEL,1997,20.9
BEL,1998,19.6
BEL,1999,17.8
BEL,2000,20.5
BEL,2001,20.5
BEL,2002,19.5
BEL,2003,19.7
BEL,2004,18.4
BEL,2005,18.6
BEL,2006,17.7
BEL,2007,16.7
BEL,2008,17.9
BEL,2009,17.9
BEL,2010,17.8
BEL,2011,18.1
BEL,2012,17.4
BEL,2013,16.2
BEL,2014,16.1
BEL,2015,15.8
BEL,2016,15.9
CAN,1960,10
CAN,1961,10.1
CAN,1962,9.4
CAN,1963,10
CAN,1964,10.8
CAN,1965,11.5
CAN,1966,11.1
CAN,1967,11.5
CAN,1968,12.2
CAN,1969,13.5
CAN,1970,13.8
CAN,1971,14.3
CAN,1972,14.2
CAN,1973,14.7
CAN,1974,14.7
CAN,1975,13.8
CAN,1976,14.2
CAN,1977,15.5
CAN,1978,16
CAN,1979,15.1
CAN,1980,15.1
CAN,1981,14.9
CAN,1982,15.2
CAN,1983,15.9
CAN,1984,14.3
CAN,1985,13.3
CAN,1986,14.9
CAN,1987,14.5
CAN,1988,13.8
CAN,1989,13.6
CAN,1990,12.8
CAN,1991,13.3
CAN,1992,13.2
CAN,1993,13.3
CAN,1994,13
CAN,1995,13.4
CAN,1996,13.3
CAN,1997,12.3
CAN,1998,12.2
CAN,1999,13.2
CAN,2000,11.5
CAN,2001,11.7
CAN,2002,11.5
CAN,2003,11.7
CAN,2004,11
CAN,2005,11.2
CAN,2006,10.8
CAN,2007,10.6
CAN,2008,10.7
CAN,2009,11.1
CAN,2010,11.1
CAN,2011,10.8
CAN,2012,10.8
CAN,2013,11.1
CAN,2014,11.5
CAN,2015,11.8
CAN,2016,10.6
CAN,2017,11
CZE,1986,23.3
CZE,1987,20.7
CZE,1988,20.9
CZE,1989,20.4
CZE,1990,21.4
CZE,1991,20.1
CZE,1992,20.7
CZE,1993,19.9
CZE,1994,19.2
CZE,1995,17.7
CZE,1996,15.8
CZE,1997,16.5
CZE,1998,15.9
CZE,1999,15.9
CZE,2000,16
CZE,2001,15.7
CZE,2002,14.9
CZE,2003,16.7
CZE,2004,15
CZE,2005,14.8
CZE,2006,13.1
CZE,2007,12.7
CZE,2008,12.6
CZE,2009,13.2
CZE,2010,13.5
CZE,2011,14.3
CZE,2012,14.7
CZE,2013,14.2
CZE,2014,13.3
CZE,2015,12.3
CZE,2016,11.7
CZE,2017,12.4
CZE,2018,12
CZE,2019,10.4
DNK,1960,22.8
DNK,1961,19.1
DNK,1962,21.7
DNK,1963,21.5
DNK,1964,23.6
DNK,1965,21.5
DNK,1966,19.8
DNK,1967,19.5
DNK,1968,22.8
DNK,1969,23.1
DNK,1970,23.7
DNK,1971,27.3
DNK,1972,26.3
DNK,1973,26.2
DNK,1974,28.7
DNK,1975,26.3
DNK,1976,25.9
DNK,1977,26.1
DNK,1978,25.2
DNK,1979,27.7
DNK,1980,33.9
DNK,1981,31.7
DNK,1982,30.6
DNK,1983,29.8
DNK,1984,29.8
DNK,1985,28.6
DNK,1986,28.4
DNK,1987,28.4
DNK,1988,26.3
DNK,1989,27.1
DNK,1990,24.2
DNK,1991,22.4
DNK,1992,21.9
DNK,1993,22.1
DNK,1994,18.9
DNK,1995,17.5
DNK,1996,16.8
DNK,1997,15.4
DNK,1998,14.2
DNK,1999,14.2
DNK,2000,13.5
DNK,2001,13.3
DNK,2002,12.5
DNK,2003,11.5
DNK,2004,12
DNK,2005,11.3
DNK,2006,11.6
DNK,2007,10.3
DNK,2008,10.7
DNK,2009,10.8
DNK,2010,9.8
DNK,2011,10.2
DNK,2012,11.3
DNK,2013,10.3
DNK,2014,10.6
DNK,2015,9.4
DNK,2016,9.6
DNK,2017,9.5
DNK,2018,9.4
FIN,1960,24.4
FIN,1961,24.9
FIN,1962,25.6
FIN,1963,22.6
FIN,1964,23.9
FIN,1965,23.2
FIN,1966,22.5
FIN,1967,23.4
FIN,1968,25.3
FIN,1969,26.8
FIN,1970,23.8
FIN,1971,23.7
FIN,1972,26
FIN,1973,25.3
FIN,1974,26.4
FIN,1975,26.5
FIN,1976,26.7
FIN,1977,26.8
FIN,1978,26.9
FIN,1979,25.7
FIN,1980,26.1
FIN,1981,24.3
FIN,1982,24.6
FIN,1983,24.7
FIN,1984,25.8
FIN,1985,25
FIN,1986,27.2
FIN,1987,27.6
FIN,1988,28.5
FIN,1989,28.7
FIN,1990,30.2
FIN,1991,29.7
FIN,1992,28.6
FIN,1993,27.4
FIN,1994,27.2
FIN,1995,26.9
FIN,1996,24
FIN,1997,25.5
FIN,1998,23.5
FIN,1999,23.1
FIN,2000,22.1
FIN,2001,22.8
FIN,2002,20.7
FIN,2003,20.1
FIN,2004,20
FIN,2005,18.3
FIN,2006,19.6
FIN,2007,18.2
FIN,2008,19
FIN,2009,18.9
FIN,2010,17.3
FIN,2011,16.4
FIN,2012,15.6
FIN,2013,15.8
FIN,2014,14.1
FIN,2016,13.9
FIN,2017,14.6
FIN,2018,14.2
FRA,1960,18.2
FRA,1961,18.1
FRA,1962,17.3
FRA,1963,17.8
FRA,1964,17.2
FRA,1965,17.3
FRA,1966,17.9
FRA,1967,17.9
FRA,1968,17.5
FRA,1969,17.6
FRA,1970,17.3
FRA,1971,17.2
FRA,1972,18
FRA,1973,17.3
FRA,1974,17.3
FRA,1975,17.3
FRA,1976,17.3
FRA,1977,17.9
FRA,1978,18.7
FRA,1979,20.1
FRA,1980,20.7
FRA,1981,20.9
FRA,1982,22.3
FRA,1983,23.1
FRA,1984,23.3
FRA,1985,23.8
FRA,1986,24.2
FRA,1987,22.9
FRA,1988,21.6
FRA,1989,21.5
FRA,1990,20.8
FRA,1991,20.7
FRA,1992,20.8
FRA,1993,21.6
FRA,1994,21
FRA,1995,20.4
FRA,1996,19.4
FRA,1997,19
FRA,1998,18
FRA,1999,17.5
FRA,2000,18.2
FRA,2001,17.5
FRA,2002,17.6
FRA,2003,17.8
FRA,2004,17.5
FRA,2005,17.1
FRA,2006,16.5
FRA,2007,15.8
FRA,2008,16.1
FRA,2009,16.2
FRA,2010,15.9
FRA,2011,15.8
FRA,2012,14.6
FRA,2013,14.3
FRA,2014,13.1
FRA,2015,13.1
FRA,2016,12.3
DEU,1990,17.1
DEU,1991,17.1
DEU,1992,16.3
DEU,1993,15.2
DEU,1994,15.2
DEU,1995,15.3
DEU,1996,14.4
DEU,1997,14.4
DEU,1998,13.6
DEU,1999,12.9
DEU,2000,12.8
DEU,2001,12.8
DEU,2002,12.7
DEU,2003,12.6
DEU,2004,12
DEU,2005,11.4
DEU,2006,10.7
DEU,2007,10.2
DEU,2008,10.3
DEU,2009,10.3
DEU,2010,10.8
DEU,2011,10.8
DEU,2012,10.5
DEU,2013,10.8
DEU,2014,10.8
DEU,2015,10.6
DEU,2016,10.2
DEU,2017,9.5
DEU,2018,9.6
DEU,2019,9.2
GRC,1961,5.2
GRC,1962,4
GRC,1963,4.5
GRC,1964,3.8
GRC,1965,3.7
GRC,1966,3.7
GRC,1967,4.1
GRC,1968,4.3
GRC,1969,4.2
GRC,1970,3.6
GRC,1971,3.8
GRC,1972,3.1
GRC,1973,3.4
GRC,1974,3.8
GRC,1975,3.1
GRC,1976,3.1
GRC,1977,3.6
GRC,1978,3.2
GRC,1979,3.2
GRC,1980,3.6
GRC,1981,3.6
GRC,1982,3.8
GRC,1983,3.9
GRC,1984,4.1
GRC,1985,4.3
GRC,1986,4.1
GRC,1987,4.3
GRC,1988,4.2
GRC,1989,3.9
GRC,1990,3.5
GRC,1991,3.8
GRC,1992,3.4
GRC,1993,4
GRC,1994,3.4
GRC,1995,3.5
GRC,1996,3.3
GRC,1997,3.4
GRC,1998,3.6
GRC,1999,3.4
GRC,2000,3.4
GRC,2001,2.9
GRC,2002,2.8
GRC,2003,3.3
GRC,2004,3
GRC,2005,3.4
GRC,2006,3.3
GRC,2007,2.8
GRC,2008,3.1
GRC,2009,3.2
GRC,2010,3.1
GRC,2011,3.9
GRC,2012,4.2
GRC,2013,4.5
GRC,2014,4.7
GRC,2015,4.4
GRC,2016,4
GRC,2017,4.4
GRC,2018,4.7
HUN,1960,29.6
HUN,1961,30.2
HUN,1962,29.6
HUN,1963,31.8
HUN,1964,33.6
HUN,1965,34.7
HUN,1966,34
HUN,1967,35.6
HUN,1968,38.1
HUN,1969,37.2
HUN,1970,38.7
HUN,1971,40.4
HUN,1972,40.4
HUN,1973,40.9
HUN,1974,44.6
HUN,1975,42
HUN,1976,44.6
HUN,1977,43.9
HUN,1978,47.3
HUN,1979,48.7
HUN,1980,49.3
HUN,1981,49.7
HUN,1982,47.1
HUN,1983,49.6
HUN,1984,49.5
HUN,1985,47.5
HUN,1986,48.3
HUN,1987,47.9
HUN,1988,43.7
HUN,1989,43.8
HUN,1990,42.3
HUN,1991,40.6
HUN,1992,40.4
HUN,1993,37.4
HUN,1994,36.6
HUN,1995,33.8
HUN,1996,34.2
HUN,1997,32.2
HUN,1998,32.1
HUN,1999,33.8
HUN,2000,33
HUN,2001,29.1
HUN,2002,27.8
HUN,2003,27.1
HUN,2004,26.5
HUN,2005,25.2
HUN,2006,23.4
HUN,2007,23.3
HUN,2008,23.4
HUN,2009,23.3
HUN,2010,23.4
HUN,2011,22.8
HUN,2012,22
HUN,2013,19.4
HUN,2014,17.8
HUN,2015,17.3
HUN,2016,16.2
HUN,2017,15.1
HUN,2018,15.2
HUN,2019,14.2
ISL,1960,10.4
ISL,1961,13.3
ISL,1962,11.7
ISL,1963,10.6
ISL,1964,11.8
ISL,1965,16.2
ISL,1966,24.2
ISL,1967,22.1
ISL,1968,9.7
ISL,1969,12.7
ISL,1970,17.3
ISL,1971,6.6
ISL,1972,10.7
ISL,1973,16.4
ISL,1974,12.6
ISL,1975,12.8
ISL,1976,10.9
ISL,1977,11.2
ISL,1978,12.4
ISL,1979,16
ISL,1980,12.8
ISL,1981,7.7
ISL,1982,10.1
ISL,1983,20.1
ISL,1984,21.2
ISL,1985,15.3
ISL,1986,17.6
ISL,1987,17.6
ISL,1988,16.3
ISL,1989,9.6
ISL,1990,16.2
ISL,1991,15.4
ISL,1992,11.4
ISL,1993,10.9
ISL,1994,10.2
ISL,1995,10.7
ISL,1996,13.5
ISL,1997,13.7
ISL,1998,11.3
ISL,1999,11.4
ISL,2000,18.1
ISL,2001,12.8
ISL,2002,10.3
ISL,2003,9.8
ISL,2004,12.5
ISL,2005,11.5
ISL,2006,10.8
ISL,2007,12
ISL,2008,12.4
ISL,2009,11.8
ISL,2010,14.8
ISL,2011,8.7
ISL,2012,11.6
ISL,2013,16
ISL,2014,13.8
ISL,2015,12.3
ISL,2016,12.1
ISL,2017,9.7
ISL,2018,9.7
ISL,2019,10.9
IRL,1960,3.5
IRL,1961,3.8
IRL,1962,2.2
IRL,1963,3
IRL,1964,2.5
IRL,1965,2.1
IRL,1966,2.9
IRL,1967,3
IRL,1968,3
IRL,1969,2.2
IRL,1970,2.1
IRL,1971,3.4
IRL,1972,3.7
IRL,1973,4.2
IRL,1974,4.7
IRL,1975,5.7
IRL,1976,6.8
IRL,1977,5.5
IRL,1978,6
IRL,1979,6.7
IRL,1980,7.8
IRL,1981,7.9
IRL,1982,8.4
IRL,1983,9.4
IRL,1984,7.9
IRL,1985,9.1
IRL,1986,9.3
IRL,1987,8.2
IRL,1988,8.7
IRL,1989,9.2
IRL,1990,10.9
IRL,1991,10.8
IRL,1992,11.2
IRL,1993,10
IRL,1994,11.9
IRL,1995,11.8
IRL,1996,11.6
IRL,1997,13.1
IRL,1998,13.7
IRL,1999,11.6
IRL,2000,12.3
IRL,2001,12.8
IRL,2002,11.4
IRL,2003,11.5
IRL,2004,11.5
IRL,2005,10.8
IRL,2006,10.6
IRL,2007,10.4
IRL,2008,11.5
IRL,2009,11.7
IRL,2010,10.8
IRL,2011,12.2
IRL,2012,12.1
IRL,2013,10.9
IRL,2014,10.7
IRL,2015,9.3
ITA,1960,7.3
ITA,1961,6.5
ITA,1962,6.4
ITA,1963,6.2
ITA,1964,6.5
ITA,1965,6.5
ITA,1966,6.1
ITA,1967,6.5
ITA,1968,6.3
ITA,1969,6.3
ITA,1970,6.7
ITA,1971,6.8
ITA,1972,6.7
ITA,1973,6.6
ITA,1974,6.1
ITA,1975,6.3
ITA,1976,6.3
ITA,1977,6.9
ITA,1978,7.1
ITA,1979,7.6
ITA,1980,7.9
ITA,1981,7.4
ITA,1982,8
ITA,1983,8.1
ITA,1984,8.3
ITA,1985,8.8
ITA,1986,8.5
ITA,1987,8.1
ITA,1988,7.8
ITA,1989,7.6
ITA,1990,7.6
ITA,1991,7.7
ITA,1992,7.8
ITA,1993,8
ITA,1994,7.7
ITA,1995,7.7
ITA,1996,7.8
ITA,1997,7.7
ITA,1998,7.4
ITA,1999,6.7
ITA,2000,6.7
ITA,2001,6.5
ITA,2002,6.5
ITA,2003,6.4
ITA,2004,6.2
ITA,2005,5.8
ITA,2006,5.6
ITA,2007,5.7
ITA,2008,5.8
ITA,2009,5.9
ITA,2010,5.8
ITA,2011,6.2
ITA,2012,6.3
ITA,2013,6.3
ITA,2014,6
ITA,2015,5.7
ITA,2016,5.5
ITA,2017,5.6
JPN,1960,27.7
JPN,1961,25.7
JPN,1962,23.5
JPN,1963,21.8
JPN,1964,21.1
JPN,1965,20.8
JPN,1966,20.9
JPN,1967,19.5
JPN,1968,20.4
JPN,1969,20.3
JPN,1970,21
JPN,1971,20.8
JPN,1972,22.3
JPN,1973,22.9
JPN,1974,22.9
JPN,1975,23
JPN,1976,22.1
JPN,1977,22.2
JPN,1978,21.7
JPN,1979,21.9
JPN,1980,21.1
JPN,1981,20.4
JPN,1982,20.5
JPN,1983,24.3
JPN,1984,23.3
JPN,1985,22.1
JPN,1986,23.8
JPN,1987,21.7
JPN,1988,20.5
JPN,1989,18.7
JPN,1990,17.5
JPN,1991,16.9
JPN,1992,17.4
JPN,1993,16.7
JPN,1994,16.8
JPN,1995,16.9
JPN,1996,17.2
JPN,1997,18
JPN,1998,23.9
JPN,1999,23.4
JPN,2000,22.3
JPN,2001,21.4
JPN,2002,21.7
JPN,2003,23.3
JPN,2004,21.9
JPN,2005,22.1
JPN,2006,21.6
JPN,2007,22.1
JPN,2008,21.8
JPN,2009,22.2
JPN,2010,21.2
JPN,2011,20.9
JPN,2012,19.1
JPN,2013,18.7
JPN,2014,17.6
JPN,2015,16.6
JPN,2016,15.2
JPN,2017,14.9
JPN,2018,14.7
KOR,1985,11.2
KOR,1986,10.3
KOR,1987,9.7
KOR,1988,8.4
KOR,1989,8.6
KOR,1990,8.8
KOR,1991,8.4
KOR,1992,9.5
KOR,1993,11.3
KOR,1994,11.5
KOR,1995,12.7
KOR,1996,15.2
KOR,1997,15.8
KOR,1998,22
KOR,1999,18.2
KOR,2000,16.8
KOR,2001,18.1
KOR,2002,22.9
KOR,2003,28.3
KOR,2004,29.7
KOR,2005,30.1
KOR,2006,26.4
KOR,2007,28.9
KOR,2008,29
KOR,2009,33.8
KOR,2010,33.5
KOR,2011,33.3
KOR,2012,29.1
KOR,2013,28.7
KOR,2014,26.7
KOR,2015,25.8
KOR,2016,24.6
KOR,2017,23
KOR,2018,24.7
KOR,2019,24.6
LUX,1967,14.2
LUX,1968,12.9
LUX,1969,16.4
LUX,1970,15.7
LUX,1971,14.7
LUX,1972,15.5
LUX,1973,13.8
LUX,1974,13.5
LUX,1975,11.1
LUX,1976,14.8
LUX,1977,16.5
LUX,1978,18.9
LUX,1979,21.5
LUX,1980,13.8
LUX,1981,17
LUX,1982,22
LUX,1983,23.2
LUX,1984,18.6
LUX,1985,16
LUX,1986,13.8
LUX,1987,19.6
LUX,1988,18.2
LUX,1989,19.6
LUX,1990,17.9
LUX,1991,19.8
LUX,1992,15
LUX,1993,16.1
LUX,1994,18.8
LUX,1995,15.2
LUX,1996,17.5
LUX,1997,19.6
LUX,1998,14.9
LUX,1999,16.2
LUX,2000,14.5
LUX,2001,16.8
LUX,2002,19.2
LUX,2003,10.8
LUX,2004,13.5
LUX,2005,10.5
LUX,2006,13.5
LUX,2007,16.2
LUX,2008,8.4
LUX,2009,9.3
LUX,2010,10.3
LUX,2011,10.4
LUX,2012,9.4
LUX,2013,7.3
LUX,2014,11.8
LUX,2015,11.1
LUX,2016,7.2
LUX,2017,8.5
LUX,2018,6.6
MEX,1969,1.1
MEX,1970,1.8
MEX,1971,1.1
MEX,1972,1.2
MEX,1973,1
MEX,1979,2.6
MEX,1980,2.2
MEX,1981,2.6
MEX,1982,2.6
MEX,1983,2.3
MEX,1984,2
MEX,1985,3
MEX,1986,3.3
MEX,1987,3.2
MEX,1988,3.1
MEX,1989,3.5
MEX,1990,3.4
MEX,1991,3.5
MEX,1992,3.7
MEX,1993,3.8
MEX,1994,4.2
MEX,1995,4.3
MEX,1996,4.1
MEX,1997,4.2
MEX,1998,4.1
MEX,1999,4
MEX,2000,4.4
MEX,2001,4.5
MEX,2002,4.4
MEX,2003,4.6
MEX,2004,4.6
MEX,2005,4.9
MEX,2006,4.5
MEX,2007,4.5
MEX,2008,4.7
MEX,2009,5
MEX,2010,4.9
MEX,2011,5.1
MEX,2012,4.9
MEX,2013,5.1
MEX,2014,5.5
MEX,2015,5.5
MEX,2016,5.4
MEX,2017,5.5
NLD,1960,8.9
NLD,1961,8.8
NLD,1962,8.7
NLD,1963,8.2
NLD,1964,8.5
NLD,1965,9.2
NLD,1966,9.1
NLD,1967,7.9
NLD,1968,8
NLD,1969,9.2
NLD,1970,10.1
NLD,1971,10.3
NLD,1972,10.1
NLD,1973,10.4
NLD,1974,11
NLD,1975,10.6
NLD,1976,11.2
NLD,1977,10.7
NLD,1978,11.1
NLD,1979,12
NLD,1980,11.4
NLD,1981,11.3
NLD,1982,12
NLD,1983,13.3
NLD,1984,13.5
NLD,1985,12
NLD,1986,11.7
NLD,1987,11.6
NLD,1988,10.9
NLD,1989,10.6
NLD,1990,10
NLD,1991,11
NLD,1992,10.7
NLD,1993,10.3
NLD,1994,10.4
NLD,1995,9.8
NLD,1996,10.2
NLD,1997,10.1
NLD,1998,9.6
NLD,1999,9.6
NLD,2000,9.4
NLD,2001,9.1
NLD,2002,9.6
NLD,2003,9.2
NLD,2004,9.1
NLD,2005,9.4
NLD,2006,9.1
NLD,2007,8
NLD,2008,8.4
NLD,2009,8.9
NLD,2010,9.2
NLD,2011,9.5
NLD,2012,10
NLD,2013,10.5
NLD,2014,10.4
NLD,2015,10.5
NLD,2016,10.5
NLD,2017,10.6
NLD,2018,10
NZL,1960,12.4
NZL,1961,10.8
NZL,1962,11
NZL,1963,12.5
NZL,1964,10.4
NZL,1965,12.1
NZL,1966,12
NZL,1967,13.2
NZL,1968,12.3
NZL,1969,12.8
NZL,1970,12.2
NZL,1971,10.5
NZL,1972,11.2
NZL,1973,11.2
NZL,1974,11.3
NZL,1975,11.9
NZL,1976,11.5
NZL,1977,14.1
NZL,1978,12.5
NZL,1979,11.6
NZL,1980,12.4
NZL,1981,11.9
NZL,1982,13.2
NZL,1983,12.2
NZL,1984,13.4
NZL,1985,11.3
NZL,1986,13.8
NZL,1987,15
NZL,1988,15.3
NZL,1989,14.4
NZL,1990,14
NZL,1991,13.7
NZL,1992,14.5
NZL,1993,12.5
NZL,1994,14.6
NZL,1995,15.1
NZL,1996,14.7
NZL,1997,15.1
NZL,1998,15.5
NZL,1999,13.7
NZL,2000,12.3
NZL,2001,13.5
NZL,2002,12.2
NZL,2003,13.3
NZL,2004,12.4
NZL,2005,12.7
NZL,2006,12.7
NZL,2007,11.9
NZL,2008,12.3
NZL,2009,12
NZL,2010,12.4
NZL,2011,11.3
NZL,2012,12.5
NZL,2013,11.8
NZL,2014,11.5
NZL,2015,11.7
NZL,2016,12
NOR,1960,6.9
NOR,1961,7.3
NOR,1962,8.5
NOR,1963,8.8
NOR,1964,8
NOR,1965,8.4
NOR,1966,7.6
NOR,1967,7.5
NOR,1968,8.8
NOR,1969,8.9
NOR,1970,9.2
NOR,1971,8.9
NOR,1972,9.7
NOR,1973,9.4
NOR,1974,11.3
NOR,1975,10.7
NOR,1976,11.6
NOR,1977,12.3
NOR,1978,12.4
NOR,1979,13
NOR,1980,13.1
NOR,1981,13.6
NOR,1982,14.9
NOR,1983,15.6
NOR,1984,15
NOR,1985,14.6
NOR,1986,14.4
NOR,1987,16
NOR,1988,17.3
NOR,1989,15.9
NOR,1990,15.7
NOR,1991,16.2
NOR,1992,14.5
NOR,1993,13.7
NOR,1994,12.4
NOR,1995,12.7
NOR,1996,11.8
NOR,1997,12.3
NOR,1998,12.5
NOR,1999,13.4
NOR,2000,12.3
NOR,2001,12.4
NOR,2002,11
NOR,2003,11.1
NOR,2004,11.8
NOR,2005,11.6
NOR,2006,11.5
NOR,2007,10.5
NOR,2008,10.6
NOR,2009,11.9
NOR,2010,11.2
NOR,2011,12.1
NOR,2012,10.2
NOR,2013,10.8
NOR,2014,10.5
NOR,2015,11.1
NOR,2016,11.6
POL,1960,9.9
POL,1961,10.6
POL,1962,11.3
POL,1963,10.3
POL,1964,10.6
POL,1965,11
POL,1966,11.9
POL,1967,12
POL,1968,12.5
POL,1969,12.9
POL,1970,13.1
POL,1971,13.3
POL,1972,13.3
POL,1973,13.1
POL,1974,12.5
POL,1975,12.4
POL,1976,13.2
POL,1977,13.5
POL,1978,14.3
POL,1979,13.7
POL,1983,13.3
POL,1984,15.2
POL,1985,14.6
POL,1986,14.3
POL,1987,14.6
POL,1988,13.5
POL,1989,12.5
POL,1990,14.3
POL,1991,15.2
POL,1992,16.2
POL,1993,15.8
POL,1994,15.4
POL,1995,15.2
POL,1996,14.9
POL,1999,15.3
POL,2000,15.6
POL,2001,15.4
POL,2002,15.5
POL,2003,15.2
POL,2004,15.6
POL,2005,15.5
POL,2006,14.8
POL,2007,13.4
POL,2008,14.4
POL,2009,16.3
POL,2010,15.9
POL,2011,15.3
POL,2012,15.8
POL,2013,15.5
POL,2014,14.8
POL,2015,13.5
POL,2016,11.6
POL,2017,11.1
POL,2018,11.1
PRT,1960,11.7
PRT,1961,11.8
PRT,1962,11.1
PRT,1963,12.4
PRT,1964,12.6
PRT,1965,12.6
PRT,1966,12.6
PRT,1967,12.9
PRT,1968,12.3
PRT,1969,11.8
PRT,1970,10.6
PRT,1971,10.9
PRT,1972,10.5
PRT,1973,10.8
PRT,1974,10.7
PRT,1975,10.4
PRT,1976,11
PRT,1977,11.2
PRT,1978,11.6
PRT,1979,12
PRT,1980,9
PRT,1981,9.3
PRT,1982,9.7
PRT,1983,10.9
PRT,1984,11.6
PRT,1985,11.1
PRT,1986,10.6
PRT,1987,10.6
PRT,1988,9
PRT,1989,8.1
PRT,1990,9.3
PRT,1991,10
PRT,1992,9.2
PRT,1993,8.1
PRT,1994,7.9
PRT,1995,8.2
PRT,1996,6.7
PRT,1997,6.2
PRT,1998,5.4
PRT,1999,5.2
PRT,2000,5
PRT,2001,7.1
PRT,2002,11.2
PRT,2003,10.6
PRT,2007,8.9
PRT,2008,9
PRT,2009,8.9
PRT,2010,9.3
PRT,2011,8.6
PRT,2012,9
PRT,2013,8.7
PRT,2014,10.2
PRT,2015,9.3
PRT,2016,8.1
PRT,2017,8.8
PRT,2018,8.2
SVK,1992,16.8
SVK,1993,15.4
SVK,1994,14.3
SVK,1995,15.1
SVK,1996,13.5
SVK,1997,12.9
SVK,1998,13.1
SVK,1999,13.6
SVK,2000,14.2
SVK,2001,13.5
SVK,2002,13.9
SVK,2003,14.3
SVK,2004,12.5
SVK,2005,12.6
SVK,2008,10.7
SVK,2009,10.8
SVK,2010,11.3
SVK,2012,10.2
SVK,2013,10.9
SVK,2014,9.7
ESP,1960,7.2
ESP,1961,6.8
ESP,1962,6.3
ESP,1963,6.3
ESP,1964,6.4
ESP,1965,6.1
ESP,1966,6
ESP,1967,5.8
ESP,1968,5.6
ESP,1969,5.7
ESP,1971,5.6
ESP,1972,5.7
ESP,1973,5.4
ESP,1974,5.1
ESP,1975,4.8
ESP,1976,5.1
ESP,1977,5
ESP,1978,4.9
ESP,1979,5
ESP,1980,5.2
ESP,1981,5.3
ESP,1982,5.7
ESP,1983,6.6
ESP,1984,7.4
ESP,1985,7.4
ESP,1986,7.9
ESP,1987,7.9
ESP,1988,8.2
ESP,1989,8.2
ESP,1990,8
ESP,1991,7.8
ESP,1992,7.4
ESP,1993,8
ESP,1994,8.2
ESP,1995,8
ESP,1996,8.4
ESP,1997,8.4
ESP,1998,8
ESP,1999,7.8
ESP,2000,8.1
ESP,2001,7.4
ESP,2002,7.7
ESP,2003,7.8
ESP,2004,7.7
ESP,2005,7.3
ESP,2006,6.9
ESP,2007,6.7
ESP,2008,7
ESP,2009,6.9
ESP,2010,6.3
ESP,2011,6.3
ESP,2012,6.9
ESP,2013,7.5
ESP,2014,7.6
ESP,2015,6.9
ESP,2016,6.8
ESP,2017,7
SWE,1960,18.4
SWE,1961,17.8
SWE,1962,19.2
SWE,1963,19.2
SWE,1964,20.7
SWE,1965,19.6
SWE,1966,20.9
SWE,1967,22.5
SWE,1968,22.3
SWE,1969,22.9
SWE,1970,23.1
SWE,1971,21.1
SWE,1972,21.1
SWE,1973,21.5
SWE,1974,20.7
SWE,1975,20.2
SWE,1976,19.5
SWE,1977,20.3
SWE,1978,19.6
SWE,1979,21.1
SWE,1980,20
SWE,1981,17.9
SWE,1982,19.8
SWE,1983,19.2
SWE,1984,19.7
SWE,1985,18.1
SWE,1986,18.5
SWE,1987,18.3
SWE,1988,18.8
SWE,1989,18.4
SWE,1990,16.9
SWE,1991,17
SWE,1992,15.4
SWE,1993,15.6
SWE,1994,14.8
SWE,1995,15.1
SWE,1996,13.9
SWE,1997,13.4
SWE,1998,13.6
SWE,1999,13.5
SWE,2000,12.4
SWE,2001,13
SWE,2002,12.9
SWE,2003,12
SWE,2004,12.4
SWE,2005,13.1
SWE,2006,12.7
SWE,2007,11.9
SWE,2008,12.2
SWE,2009,12.9
SWE,2010,11.7
SWE,2011,11.4
SWE,2012,11.6
SWE,2013,12.3
SWE,2014,11.4
SWE,2015,11.7
SWE,2016,11.1
SWE,2017,11.4
SWE,2018,12.2
CHE,1960,21.2
CHE,1961,20.6
CHE,1962,21.1
CHE,1963,19.2
CHE,1964,19
CHE,1965,21
CHE,1966,20.8
CHE,1967,19.7
CHE,1968,19.4
CHE,1969,19.2
CHE,1970,20.9
CHE,1971,20.7
CHE,1972,21.6
CHE,1973,20.9
CHE,1974,22.5
CHE,1975,24.3
CHE,1976,23.6
CHE,1977,25.4
CHE,1978,25.3
CHE,1979,25.6
CHE,1980,26.4
CHE,1981,24.5
CHE,1982,25
CHE,1983,25.7
CHE,1984,25
CHE,1985,25.2
CHE,1986,22.8
CHE,1987,24
CHE,1988,22.2
CHE,1989,22.5
CHE,1990,21.7
CHE,1991,22.5
CHE,1992,20.6
CHE,1993,20.2
CHE,1994,21.3
CHE,1995,20.1
CHE,1996,20.1
CHE,1997,18.7
CHE,1998,19
CHE,1999,17.7
CHE,2000,18.7
CHE,2001,18
CHE,2002,19
CHE,2003,16.6
CHE,2004,16.6
CHE,2005,16.6
CHE,2006,16.5
CHE,2007,16.9
CHE,2008,16
CHE,2009,13.4
CHE,2010,11.9
CHE,2011,12.1
CHE,2012,12
CHE,2013,12.2
CHE,2014,11.4
CHE,2015,11.9
CHE,2016,11.1
CHE,2017,11.3
GBR,1960,11.3
GBR,1961,11.4
GBR,1962,12.3
GBR,1963,12.5
GBR,1964,12
GBR,1965,11.1
GBR,1966,10.8
GBR,1967,10.2
GBR,1968,9.9
GBR,1969,9.2
GBR,1970,8.5
GBR,1971,8.4
GBR,1972,8.1
GBR,1973,8.3
GBR,1974,8.4
GBR,1975,8
GBR,1976,8.2
GBR,1977,8.4
GBR,1978,8.6
GBR,1979,9
GBR,1980,9.2
GBR,1981,9.3
GBR,1982,9.2
GBR,1983,9.1
GBR,1984,9.1
GBR,1985,9.3
GBR,1986,8.7
GBR,1987,8.2
GBR,1988,8.8
GBR,1989,7.7
GBR,1990,8.2
GBR,1991,8
GBR,1992,8
GBR,1993,7.7
GBR,1994,7.5
GBR,1995,7.4
GBR,1996,7.1
GBR,1997,7
GBR,1998,7.4
GBR,1999,7.5
GBR,2001,7
GBR,2002,6.9
GBR,2003,6.6
GBR,2004,6.9
GBR,2005,6.7
GBR,2006,6.7
GBR,2007,6.3
GBR,2008,6.9
GBR,2009,6.8
GBR,2010,6.7
GBR,2011,6.9
GBR,2012,6.9
GBR,2013,7.5
GBR,2014,7.4
GBR,2015,7.5
GBR,2016,7.3
USA,1960,13.4
USA,1961,13.1
USA,1962,13.7
USA,1963,13.9
USA,1964,13.5
USA,1965,13.9
USA,1966,13.6
USA,1967,13.3
USA,1968,13.2
USA,1969,13.5
USA,1970,13.9
USA,1971,13.9
USA,1972,14.1
USA,1973,13.9
USA,1974,13.9
USA,1975,14.2
USA,1976,13.9
USA,1977,14.3
USA,1978,13.5
USA,1979,13.1
USA,1980,12.7
USA,1981,12.8
USA,1982,13
USA,1983,13
USA,1984,13.2
USA,1985,13.1
USA,1986,13.6
USA,1987,13.4
USA,1988,13
USA,1989,12.8
USA,1990,13.1
USA,1991,12.9
USA,1992,12.5
USA,1993,12.6
USA,1994,12.5
USA,1995,12.4
USA,1996,12.1
USA,1997,11.9
USA,1998,11.7
USA,1999,11.1
USA,2000,10.8
USA,2001,11.1
USA,2002,11.3
USA,2003,11.1
USA,2004,11.3
USA,2005,11.2
USA,2006,11.3
USA,2007,11.7
USA,2008,12
USA,2009,12.2
USA,2010,12.5
USA,2011,12.8
USA,2012,13
USA,2013,13.1
USA,2014,13.5
USA,2015,13.8
USA,2016,14
USA,2017,14.5
BRA,1979,4.3
BRA,1980,4.9
BRA,1981,4.7
BRA,1982,4.5
BRA,1983,5.1
BRA,1984,4.9
BRA,1985,4.7
BRA,1990,4.7
BRA,1991,5
BRA,1992,4.8
BRA,1993,4.7
BRA,1994,4.9
BRA,1995,5.4
BRA,1996,5.5
BRA,1997,5.4
BRA,1998,5.3
BRA,1999,4.8
BRA,2000,5
BRA,2001,5.4
BRA,2002,5.2
BRA,2003,5.1
BRA,2004,5.2
BRA,2005,5.5
BRA,2006,5.3
BRA,2007,5.4
BRA,2008,5.5
BRA,2009,5.5
BRA,2010,5.4
BRA,2011,5.6
BRA,2012,5.8
BRA,2013,5.8
BRA,2014,5.7
BRA,2015,6
BRA,2016,5.9
BRA,2017,6.4
BRA,2018,6.4
BRA,2019,6.4
CHL,1960,10.8
CHL,1961,10
CHL,1962,8.9
CHL,1963,5
CHL,1964,3.9
CHL,1965,2.8
CHL,1966,9.4
CHL,1967,3.4
CHL,1968,11.8
CHL,1969,9.4
CHL,1970,7.9
CHL,1971,7.7
CHL,1972,7.3
CHL,1973,7.1
CHL,1974,7.8
CHL,1975,9.5
CHL,1976,7.7
CHL,1977,7.9
CHL,1978,7
CHL,1979,7.6
CHL,1980,6
CHL,1981,7.3
CHL,1982,7.4
CHL,1984,7.6
CHL,1985,7.6
CHL,1986,6.8
CHL,1987,6.9
CHL,1988,6.9
CHL,1989,6.9
CHL,1990,7
CHL,1991,7.2
CHL,1992,5.8
CHL,1993,6.8
CHL,1994,6.9
CHL,1995,7.9
CHL,1996,7.5
CHL,1997,7.3
CHL,1998,8.2
CHL,1999,8.1
CHL,2000,11.1
CHL,2001,11.7
CHL,2002,11.5
CHL,2003,11.6
CHL,2004,11.8
CHL,2005,11.2
CHL,2006,11.7
CHL,2007,11.8
CHL,2008,13.1
CHL,2009,13.3
CHL,2010,12.2
CHL,2011,12.3
CHL,2012,11
CHL,2013,10.3
CHL,2014,10.4
CHL,2015,10.7
CHL,2016,10.4
CHL,2017,10.4
CHL,2018,9.8
EST,1981,39.2
EST,1982,34.6
EST,1985,33
EST,1986,30.2
EST,1987,27.3
EST,1988,26.8
EST,1989,27.4
EST,1990,29.6
EST,1991,29.5
EST,1992,34.5
EST,1993,40.8
EST,1994,43.6
EST,1995,42.7
EST,1996,41
EST,1997,38.5
EST,1998,35.2
EST,1999,34.7
EST,2000,26.9
EST,2001,29.1
EST,2002,26.7
EST,2003,24.5
EST,2004,23.5
EST,2005,19.6
EST,2006,17.3
EST,2007,18.2
EST,2008,17.3
EST,2009,19.3
EST,2010,15.9
EST,2011,15.3
EST,2012,16.6
EST,2013,15.3
EST,2014,17.5
EST,2015,14.1
EST,2016,13
EST,2017,16.1
EST,2018,13.6
EST,2019,13.8
ISR,1975,11.4
ISR,1976,11.4
ISR,1977,8.6
ISR,1978,7.8
ISR,1979,9.3
ISR,1980,8.4
ISR,1981,7.2
ISR,1982,6.8
ISR,1983,8.5
ISR,1984,7.6
ISR,1985,7.8
ISR,1986,9.1
ISR,1987,9
ISR,1988,9.4
ISR,1989,10.8
ISR,1990,8.8
ISR,1991,9.8
ISR,1992,9.5
ISR,1993,9.1
ISR,1994,10.1
ISR,1995,8.4
ISR,1996,6.8
ISR,1997,8
ISR,1998,6.6
ISR,1999,7.2
ISR,2000,7.3
ISR,2001,7.3
ISR,2002,6.8
ISR,2003,7.5
ISR,2004,7.1
ISR,2005,7.3
ISR,2006,6
ISR,2007,5.3
ISR,2008,5.7
ISR,2009,6.2
ISR,2010,7.4
ISR,2011,6.2
ISR,2012,6.4
ISR,2013,5.5
ISR,2014,5.5
ISR,2015,4.9
ISR,2016,5.4
ISR,2017,5.5
ISR,2018,6
RUS,1980,37.1
RUS,1981,36.7
RUS,1982,37
RUS,1985,33.6
RUS,1986,25.5
RUS,1987,25.7
RUS,1988,27
RUS,1989,28.3
RUS,1990,28.9
RUS,1991,28.7
RUS,1992,33.1
RUS,1993,40.4
RUS,1994,44.4
RUS,1995,43.4
RUS,1996,40.9
RUS,1997,38.7
RUS,1998,36.3
RUS,1999,39.9
RUS,2000,39.5
RUS,2001,39.5
RUS,2002,38.1
RUS,2003,35.6
RUS,2004,33.7
RUS,2005,31.3
RUS,2006,29.1
RUS,2007,28
RUS,2008,26.1
RUS,2009,25.4
RUS,2010,22.5
RUS,2011,21
RUS,2012,20
RUS,2013,19.3
RUS,2014,17.9
RUS,2015,16.9
RUS,2019,11.5
SVN,1985,35.7
SVN,1986,32.8
SVN,1987,34
SVN,1988,34.5
SVN,1989,36.8
SVN,1990,30.1
SVN,1991,34.5
SVN,1992,31
SVN,1993,32.2
SVN,1994,32.1
SVN,1995,29
SVN,1996,31.1
SVN,1997,30
SVN,1998,30.9
SVN,1999,29.7
SVN,2000,29.3
SVN,2001,28.6
SVN,2002,26.1
SVN,2003,27.1
SVN,2004,24
SVN,2005,23.6
SVN,2006,24.6
SVN,2007,19.9
SVN,2008,18.6
SVN,2009,20
SVN,2010,18.6
SVN,2011,19.3
SVN,2012,19.3
SVN,2013,19.6
SVN,2014,16.9
SVN,2015,18.1
SVN,2016,16.3
SVN,2017,17.3
SVN,2018,15.1
SVN,2019,16.5
ZAF,1996,0.5
ZAF,1997,0.4
ZAF,1998,0.6
ZAF,1999,0.8
ZAF,2000,0.7
ZAF,2001,0.9
ZAF,2002,0.6
ZAF,2003,0.7
ZAF,2004,1
ZAF,2005,1.2
ZAF,2006,1.3
ZAF,2007,1
ZAF,2008,1.1
ZAF,2009,0.8
ZAF,2010,0.9
ZAF,2011,0.8
ZAF,2012,1.1
ZAF,2013,1.3
ZAF,2014,1.2
ZAF,2015,1
TUR,2009,2
TUR,2010,2.4
TUR,2011,1.7
TUR,2012,2.1
TUR,2013,2.6
TUR,2014,2.3
TUR,2015,2.1
TUR,2016,2.6
TUR,2019,4.4
COL,1960,4.1
COL,1961,5.4
COL,1962,6.3
COL,1963,6
COL,1964,6.3
COL,1965,9.2
COL,1966,7.6
COL,1967,8.8
COL,1968,5.6
COL,1969,4.5
COL,1972,5
COL,1974,5.1
COL,1975,5
COL,1976,4.9
COL,1977,4.1
COL,1984,5.2
COL,1985,4.9
COL,1986,4.6
COL,1990,3.5
COL,1991,3.6
COL,1992,4
COL,1993,4.1
COL,1994,4.4
COL,1995,4.1
COL,1996,4.2
COL,1997,4
COL,1998,6.8
COL,1999,6.4
COL,2000,6.7
COL,2001,6.7
COL,2002,6.2
COL,2003,6.1
COL,2004,6.1
COL,2005,5.8
COL,2006,5.6
COL,2007,5.4
COL,2008,5.5
COL,2009,5.4
COL,2010,4.9
COL,2011,4.7
COL,2012,4.8
COL,2013,4.7
COL,2014,4.8
COL,2015,5.2
COL,2016,5.3
COL,2017,5.7
LVA,1980,34.4
LVA,1981,35.1
LVA,1982,36.6
LVA,1983,35.1
LVA,1984,36
LVA,1985,31.1
LVA,1986,26.7
LVA,1987,25.2
LVA,1988,24.5
LVA,1989,27.7
LVA,1990,27.7
LVA,1991,29.9
LVA,1992,36.7
LVA,1993,44.2
LVA,1994,42
LVA,1995,42
LVA,1996,38
LVA,1997,36.7
LVA,1998,34.9
LVA,1999,31.9
LVA,2000,32.9
LVA,2001,30.2
LVA,2002,29
LVA,2003,26
LVA,2004,24.2
LVA,2005,24.4
LVA,2006,21.1
LVA,2007,19.9
LVA,2008,23.1
LVA,2009,23.1
LVA,2010,19.7
LVA,2011,19.9
LVA,2012,20.5
LVA,2013,17.8
LVA,2014,18.1
LVA,2015,18.1
LVA,2016,17.3
LVA,2017,16.9
LVA,2018,14.3
LTU,1981,36.8
LTU,1982,37.2
LTU,1985,37.1
LTU,1986,28
LTU,1987,32
LTU,1988,29.2
LTU,1989,29.6
LTU,1990,28.6
LTU,1991,33.2
LTU,1992,38
LTU,1993,46
LTU,1994,49.9
LTU,1995,50
LTU,1996,51
LTU,1997,48
LTU,1998,46.3
LTU,1999,46
LTU,2000,48.4
LTU,2001,45.7
LTU,2002,46
LTU,2003,43
LTU,2004,41.1
LTU,2005,39.4
LTU,2006,31.2
LTU,2007,31
LTU,2008,33.7
LTU,2009,34.5
LTU,2010,31.6
LTU,2011,32.2
LTU,2012,29.5
LTU,2013,34.8
LTU,2014,29.8
LTU,2015,29
LTU,2016,26.7
LTU,2017,24.4
LTU,2018,22.2
LTU,2019,21.6
CRI,1961,5.2
CRI,1962,4.2
CRI,1963,6.2
CRI,1964,5.5
CRI,1965,3.8
CRI,1966,5.4
CRI,1967,6
CRI,1968,4.3
CRI,1969,4.7
CRI,1970,4
CRI,1971,5.3
CRI,1972,4.9
CRI,1973,4.9
CRI,1974,5.3
CRI,1975,6.1
CRI,1976,8.7
CRI,1977,6
CRI,1978,5.4
CRI,1979,5.2
CRI,1980,7.3
CRI,1981,5.3
CRI,1982,5.8
CRI,1983,7.2
CRI,1985,6.5
CRI,1986,7.3
CRI,1987,6.1
CRI,1988,8.5
CRI,1989,7.8
CRI,1990,7.4
CRI,1991,6.4
CRI,1992,7
CRI,1993,7.3
CRI,1994,6.7
CRI,1995,7.3
CRI,1996,6.9
CRI,1997,6.2
CRI,1998,7
CRI,1999,7.1
CRI,2000,7.3
CRI,2001,6.6
CRI,2002,8.1
CRI,2003,8.8
CRI,2004,8.8
CRI,2005,7.2
CRI,2006,8.6
CRI,2007,6.4
CRI,2008,6.3
CRI,2009,6.6
CRI,2010,7.1
CRI,2011,7.1
CRI,2012,6.7
CRI,2013,7
CRI,2014,5.8
CRI,2015,6.7
CRI,2016,7
CRI,2017,5.7
CRI,2019,7.7
AUS,1960,19.2
AUS,1961,21.4
AUS,1962,24
AUS,1963,26.3
AUS,1964,24.4
AUS,1965,23.5
AUS,1966,22.9
AUS,1967,24
AUS,1968,21.5
AUS,1969,21.2
AUS,1970,21.4
AUS,1971,22.4
AUS,1972,20.7
AUS,1973,19.3
AUS,1974,20
AUS,1975,18.5
AUS,1976,18.9
AUS,1977,19
AUS,1978,18.2
AUS,1979,18.9
AUS,1980,18.8
AUS,1981,19.5
AUS,1982,19.8
AUS,1983,19.3
AUS,1984,19.2
AUS,1985,20
AUS,1986,21.6
AUS,1987,23.4
AUS,1988,22.1
AUS,1989,20.8
AUS,1990,22
AUS,1991,22.2
AUS,1992,21.4
AUS,1993,19.7
AUS,1994,22
AUS,1995,19.7
AUS,1996,22.4
AUS,1997,23.3
AUS,1998,23
AUS,1999,21.9
AUS,2000,20.4
AUS,2001,20.6
AUS,2002,18.9
AUS,2003,17.4
AUS,2004,17.2
AUS,2006,16.5
AUS,2007,16.5
AUS,2008,17.4
AUS,2009,16.6
AUS,2010,17.1
AUS,2011,16.6
AUS,2012,17.4
AUS,2013,17.2
AUS,2014,19.2
AUS,2015,20
AUS,2016,18.3
AUS,2017,19.8
AUS,2018,19
AUS,1960,7.5
AUS,1961,8.1
AUS,1962,10.3
AUS,1963,12.8
AUS,1964,11.9
AUS,1965,12.9
AUS,1966,12.6
AUS,1967,13.4
AUS,1968,10.2
AUS,1969,9.4
AUS,1970,9.1
AUS,1971,10.9
AUS,1972,9.9
AUS,1973,8.8
AUS,1974,8.8
AUS,1975,8.3
AUS,1976,6.9
AUS,1977,7.3
AUS,1978,7.6
AUS,1979,7.5
AUS,1980,6.3
AUS,1981,6.3
AUS,1982,6.7
AUS,1983,5.8
AUS,1984,5.8
AUS,1985,5.9
AUS,1986,6.2
AUS,1987,5.8
AUS,1988,5.9
AUS,1989,5.4
AUS,1990,5.4
AUS,1991,5.8
AUS,1992,5.5
AUS,1993,4.7
AUS,1994,4.8
AUS,1995,5.2
AUS,1996,5.1
AUS,1997,6.1
AUS,1998,5.6
AUS,1999,5.2
AUS,2000,5.2
AUS,2001,5.3
AUS,2002,5.1
AUS,2003,4.7
AUS,2004,4.4
AUS,2006,4.8
AUS,2007,5
AUS,2008,4.7
AUS,2009,5
AUS,2010,4.9
AUS,2011,5.1
AUS,2012,5.7
AUS,2013,5.7
AUS,2014,6
AUS,2015,6.4
AUS,2016,6
AUS,2017,6.5
AUS,2018,5.8
AUT,1960,36.6
AUT,1961,35.5
AUT,1962,37.6
AUT,1963,34.7
AUT,1964,37.5
AUT,1965,36.5
AUT,1966,37.9
AUT,1967,37.6
AUT,1968,37.5
AUT,1969,36.6
AUT,1970,41.9
AUT,1971,37.4
AUT,1972,39.9
AUT,1973,38
AUT,1974,39.7
AUT,1975,41.9
AUT,1976,38.5
AUT,1977,39.8
AUT,1978,41.5
AUT,1979,41.1
AUT,1980,42.2
AUT,1981,44.4
AUT,1982,46.4
AUT,1983,44.3
AUT,1984,44.1
AUT,1985,43.9
AUT,1986,45.5
AUT,1987,43.6
AUT,1988,39.7
AUT,1989,39.5
AUT,1990,38.1
AUT,1991,38.4
AUT,1992,37.5
AUT,1993,36.6
AUT,1994,36.8
AUT,1995,37.7
AUT,1996,38.2
AUT,1997,32.9
AUT,1998,33.3
AUT,1999,31.2
AUT,2000,31.9
AUT,2001,29.2
AUT,2002,32.1
AUT,2003,28.9
AUT,2004,28.8
AUT,2005,27.1
AUT,2006,25.1
AUT,2007,24.3
AUT,2008,23.7
AUT,2009,23.7
AUT,2010,23.3
AUT,2011,23.3
AUT,2012,23.1
AUT,2013,22.3
AUT,2014,22.7
AUT,2015,21.4
AUT,2016,19.9
AUT,2017,20.9
AUT,2018,20.5
AUT,2019,18.4
AUT,1960,14.7
AUT,1961,13.7
AUT,1962,13.2
AUT,1963,13.9
AUT,1964,13.6
AUT,1965,14.9
AUT,1966,14.2
AUT,1967,13.4
AUT,1968,12.9
AUT,1969,14.8
AUT,1970,14.4
AUT,1971,15.2
AUT,1972,14.6
AUT,1973,13.8
AUT,1974,14.8
AUT,1975,13.9
AUT,1976,13.3
AUT,1977,15.1
AUT,1978,14
AUT,1979,14.8
AUT,1980,14.6
AUT,1981,14.8
AUT,1982,14.1
AUT,1983,14.9
AUT,1984,14.5
AUT,1985,15.2
AUT,1986,15.3
AUT,1987,14.9
AUT,1988,12.7
AUT,1989,13.9
AUT,1990,12.9
AUT,1991,11.2
AUT,1992,11.4
AUT,1993,10.7
AUT,1994,11.4
AUT,1995,10.3
AUT,1996,10
AUT,1997,9.5
AUT,1998,8.7
AUT,1999,9.7
AUT,2000,9.7
AUT,2001,9
AUT,2002,8
AUT,2003,8.5
AUT,2004,7.5
AUT,2005,7.5
AUT,2006,6.1
AUT,2007,6.5
AUT,2008,6.3
AUT,2009,6.2
AUT,2010,6
AUT,2011,6.5
AUT,2012,5.7
AUT,2013,6.5
AUT,2014,6.4
AUT,2015,5.7
AUT,2016,5.8
AUT,2017,5
AUT,2018,4.9
AUT,2019,4.6
BEL,1960,26
BEL,1961,26.1
BEL,1962,23.9
BEL,1963,23.4
BEL,1964,24.2
BEL,1965,25.1
BEL,1966,24.4
BEL,1967,25.4
BEL,1968,25.6
BEL,1969,25.8
BEL,1970,26.4
BEL,1971,26
BEL,1972,25.5
BEL,1973,25.3
BEL,1974,25.5
BEL,1975,25
BEL,1976,26.1
BEL,1977,28.7
BEL,1978,31.6
BEL,1979,32.1
BEL,1980,31.9
BEL,1981,33.3
BEL,1982,33.8
BEL,1983,33.6
BEL,1984,36.2
BEL,1985,34.7
BEL,1986,33.6
BEL,1987,34.9
BEL,1988,30.4
BEL,1989,30.1
BEL,1990,29.2
BEL,1991,28.4
BEL,1992,28.4
BEL,1993,33.5
BEL,1994,33.3
BEL,1995,32.7
BEL,1996,30.7
BEL,1997,32.5
BEL,1998,30.6
BEL,1999,27.8
BEL,2000,31
BEL,2001,31.8
BEL,2002,29.9
BEL,2003,30.7
BEL,2004,28.3
BEL,2005,28.5
BEL,2006,26.6
BEL,2007,25
BEL,2008,27.3
BEL,2009,27
BEL,2010,26.8
BEL,2011,27
BEL,2012,26.7
BEL,2013,24.1
BEL,2014,23.6
BEL,2015,23
BEL,2016,23.6
BEL,1960,8.4
BEL,1961,8.1
BEL,1962,7.8
BEL,1963,9.2
BEL,1964,8.4
BEL,1965,9.9
BEL,1966,9.2
BEL,1967,9.6
BEL,1968,10.3
BEL,1969,9.6
BEL,1970,11.8
BEL,1971,9.9
BEL,1972,10.4
BEL,1973,9.6
BEL,1974,10.5
BEL,1975,11.8
BEL,1976,11.6
BEL,1977,13.7
BEL,1978,14.4
BEL,1979,15.1
BEL,1980,16.4
BEL,1981,14.9
BEL,1982,14
BEL,1983,16.1
BEL,1984,15.4
BEL,1985,15
BEL,1986,14.1
BEL,1987,13.5
BEL,1988,12.5
BEL,1989,11.2
BEL,1990,11.3
BEL,1991,10.1
BEL,1992,10.7
BEL,1993,11.1
BEL,1994,11
BEL,1995,11.2
BEL,1996,10.3
BEL,1997,11.2
BEL,1998,10.3
BEL,1999,9.1
BEL,2000,11.4
BEL,2001,10.5
BEL,2002,10.5
BEL,2003,10.1
BEL,2004,9.6
BEL,2005,9.7
BEL,2006,9.5
BEL,2007,9.3
BEL,2008,9.5
BEL,2009,9.6
BEL,2010,9.6
BEL,2011,10.2
BEL,2012,9
BEL,2013,8.8
BEL,2014,9.1
BEL,2015,9
BEL,2016,8.8
CAN,1960,15.9
CAN,1961,16.3
CAN,1962,14.9
CAN,1963,15.3
CAN,1964,16.5
CAN,1965,17.3
CAN,1966,16.9
CAN,1967,17.2
CAN,1968,18.2
CAN,1969,19.7
CAN,1970,20.1
CAN,1971,21.1
CAN,1972,20.7
CAN,1973,21.2
CAN,1974,21.5
CAN,1975,20.3
CAN,1976,20.7
CAN,1977,23.1
CAN,1978,24.4
CAN,1979,22.8
CAN,1980,23.3
CAN,1981,22.9
CAN,1982,24
CAN,1983,25
CAN,1984,22.7
CAN,1985,21.5
CAN,1986,23.9
CAN,1987,23.1
CAN,1988,22.1
CAN,1989,21.7
CAN,1990,21.1
CAN,1991,22.1
CAN,1992,21.2
CAN,1993,21.4
CAN,1994,21
CAN,1995,21.8
CAN,1996,21.5
CAN,1997,20.1
CAN,1998,19.8
CAN,1999,21.3
CAN,2000,18.3
CAN,2001,18.6
CAN,2002,18.4
CAN,2003,18.4
CAN,2004,17.1
CAN,2005,17.5
CAN,2006,17.2
CAN,2007,16.3
CAN,2008,16.4
CAN,2009,17.4
CAN,2010,17.1
CAN,2011,16.6
CAN,2012,16.6
CAN,2013,16.9
CAN,2014,17.4
CAN,2015,17.8
CAN,2016,15.8
CAN,2017,16.6
CAN,1960,4
CAN,1961,3.8
CAN,1962,3.9
CAN,1963,4.7
CAN,1964,5.2
CAN,1965,5.8
CAN,1966,5.5
CAN,1967,6
CAN,1968,6.5
CAN,1969,7.6
CAN,1970,7.7
CAN,1971,7.8
CAN,1972,8.2
CAN,1973,8.4
CAN,1974,8.3
CAN,1975,7.8
CAN,1976,8.2
CAN,1977,8.2
CAN,1978,8.2
CAN,1979,7.7
CAN,1980,7.5
CAN,1981,7.5
CAN,1982,7
CAN,1983,7.5
CAN,1984,6.6
CAN,1985,5.7
CAN,1986,6.7
CAN,1987,6.4
CAN,1988,6.1
CAN,1989,6.2
CAN,1990,5.3
CAN,1991,5.2
CAN,1992,5.6
CAN,1993,5.5
CAN,1994,5.4
CAN,1995,5.5
CAN,1996,5.7
CAN,1997,5.1
CAN,1998,5
CAN,1999,5.4
CAN,2000,5.1
CAN,2001,5.2
CAN,2002,5
CAN,2003,5.2
CAN,2004,5.3
CAN,2005,5.2
CAN,2006,4.9
CAN,2007,5.1
CAN,2008,5.3
CAN,2009,5.1
CAN,2010,5.4
CAN,2011,5.4
CAN,2012,5.2
CAN,2013,5.5
CAN,2014,5.9
CAN,2015,6.1
CAN,2016,5.5
CAN,2017,5.5
CZE,1986,37.9
CZE,1987,33.5
CZE,1988,32.6
CZE,1989,33
CZE,1990,35.2
CZE,1991,33
CZE,1992,34.6
CZE,1993,32.6
CZE,1994,30.9
CZE,1995,28.8
CZE,1996,27.1
CZE,1997,28.5
CZE,1998,27.2
CZE,1999,28.2
CZE,2000,27.5
CZE,2001,27.6
CZE,2002,25.7
CZE,2003,29.2
CZE,2004,26.5
CZE,2005,25.9
CZE,2006,23
CZE,2007,22.4
CZE,2008,22.2
CZE,2009,23.8
CZE,2010,23.8
CZE,2011,25.3
CZE,2012,26
CZE,2013,24.6
CZE,2014,22.6
CZE,2015,21.1
CZE,2016,19.9
CZE,2017,20.8
CZE,2018,20.4
CZE,2019,17.3
CZE,1986,12.4
CZE,1987,10.7
CZE,1988,11.8
CZE,1989,10.8
CZE,1990,11
CZE,1991,10
CZE,1992,9.7
CZE,1993,9.7
CZE,1994,9.9
CZE,1995,8.5
CZE,1996,6.7
CZE,1997,6.6
CZE,1998,6.4
CZE,1999,6
CZE,2000,6.4
CZE,2001,5.9
CZE,2002,5.9
CZE,2003,6.4
CZE,2004,5.2
CZE,2005,5.2
CZE,2006,4.5
CZE,2007,4
CZE,2008,4.4
CZE,2009,4
CZE,2010,4.4
CZE,2011,4.4
CZE,2012,4.7
CZE,2013,4.9
CZE,2014,4.9
CZE,2015,4.4
CZE,2016,4.5
CZE,2017,5
CZE,2018,4.3
CZE,2019,4.1
DNK,1960,31
DNK,1961,26.3
DNK,1962,29.5
DNK,1963,30
DNK,1964,31.3
DNK,1965,27.4
DNK,1966,27.3
DNK,1967,27.1
DNK,1968,30.4
DNK,1969,30.5
DNK,1970,31.2
DNK,1971,35.9
DNK,1972,34.5
DNK,1973,33.4
DNK,1974,38.5
DNK,1975,33.5
DNK,1976,33.5
DNK,1977,34.3
DNK,1978,31.6
DNK,1979,34.9
DNK,1980,45.4
DNK,1981,42.2
DNK,1982,40.2
DNK,1983,40
DNK,1984,39
DNK,1985,37.7
DNK,1986,37.5
DNK,1987,38
DNK,1988,34.6
DNK,1989,36
DNK,1990,33.6
DNK,1991,31.1
DNK,1992,30.3
DNK,1993,30.2
DNK,1994,27.3
DNK,1995,25.2
DNK,1996,25.3
DNK,1997,22.7
DNK,1998,21.4
DNK,1999,22
DNK,2000,21
DNK,2001,19.9
DNK,2002,19.6
DNK,2003,18.5
DNK,2004,18
DNK,2005,17.6
DNK,2006,18
DNK,2007,15.1
DNK,2008,15.6
DNK,2009,17.3
DNK,2010,14.8
DNK,2011,15.6
DNK,2012,17.5
DNK,2013,15.8
DNK,2014,16.3
DNK,2015,13.4
DNK,2016,14.8
DNK,2017,14.1
DNK,2018,14.1
DNK,1960,15
DNK,1961,12.5
DNK,1962,14.6
DNK,1963,13.7
DNK,1964,16.7
DNK,1965,16
DNK,1966,12.9
DNK,1967,12.4
DNK,1968,15.8
DNK,1969,16.4
DNK,1970,16.8
DNK,1971,19.5
DNK,1972,18.9
DNK,1973,19.7
DNK,1974,19.7
DNK,1975,19.8
DNK,1976,18.7
DNK,1977,18.6
DNK,1978,19.7
DNK,1979,21
DNK,1980,23.6
DNK,1981,22.3
DNK,1982,21.9
DNK,1983,20.7
DNK,1984,21.5
DNK,1985,20.9
DNK,1986,20.3
DNK,1987,19.9
DNK,1988,18.7
DNK,1989,19.6
DNK,1990,15.9
DNK,1991,14.6
DNK,1992,14.7
DNK,1993,14.9
DNK,1994,11.3
DNK,1995,10.7
DNK,1996,9.4
DNK,1997,9.3
DNK,1998,7.7
DNK,1999,7.2
DNK,2000,6.8
DNK,2001,7.6
DNK,2002,6.3
DNK,2003,5.4
DNK,2004,6.8
DNK,2005,6
DNK,2006,6.1
DNK,2007,6
DNK,2008,6.3
DNK,2009,4.7
DNK,2010,5.3
DNK,2011,5
DNK,2012,5.4
DNK,2013,5.3
DNK,2014,5.2
DNK,2015,5.6
DNK,2016,4.7
DNK,2017,5.2
DNK,2018,5
FIN,1960,41.9
FIN,1961,43.4
FIN,1962,43.5
FIN,1963,39.1
FIN,1964,41.1
FIN,1965,40.4
FIN,1966,37.8
FIN,1967,41.1
FIN,1968,44.4
FIN,1969,46.2
FIN,1970,40.6
FIN,1971,40.4
FIN,1972,45
FIN,1973,42.7
FIN,1974,44.4
FIN,1975,45.1
FIN,1976,45.9
FIN,1977,45.4
FIN,1978,47.5
FIN,1979,44
FIN,1980,43.5
FIN,1981,41.4
FIN,1982,40.3
FIN,1983,41.3
FIN,1984,43.8
FIN,1985,42.5
FIN,1986,45.2
FIN,1987,46.1
FIN,1988,47
FIN,1989,48.9
FIN,1990,50.8
FIN,1991,50.1
FIN,1992,47.5
FIN,1993,45.8
FIN,1994,44.3
FIN,1995,43.7
FIN,1996,38.7
FIN,1997,41.8
FIN,1998,38.9
FIN,1999,38.3
FIN,2000,34.4
FIN,2001,36.6
FIN,2002,32.7
FIN,2003,31.8
FIN,2004,31.6
FIN,2005,28
FIN,2006,30.5
FIN,2007,28.5
FIN,2008,30.2
FIN,2009,28.6
FIN,2010,26.8
FIN,2011,26.3
FIN,2012,24.2
FIN,2013,24.4
FIN,2014,21.9
FIN,2016,22.2
FIN,2017,22
FIN,2018,22
FIN,1960,10.2
FIN,1961,10.2
FIN,1962,10.9
FIN,1963,9
FIN,1964,10.7
FIN,1965,9.1
FIN,1966,10.1
FIN,1967,9.3
FIN,1968,10.5
FIN,1969,11.1
FIN,1970,10
FIN,1971,9.8
FIN,1972,10.3
FIN,1973,10.8
FIN,1974,10.9
FIN,1975,10.9
FIN,1976,10.4
FIN,1977,11
FIN,1978,10.1
FIN,1979,10.2
FIN,1980,10.7
FIN,1981,9.7
FIN,1982,10.8
FIN,1983,10
FIN,1984,10.2
FIN,1985,10
FIN,1986,11.4
FIN,1987,11.7
FIN,1988,11.8
FIN,1989,11.5
FIN,1990,12.3
FIN,1991,11.7
FIN,1992,11.3
FIN,1993,11.1
FIN,1994,11.7
FIN,1995,11.7
FIN,1996,10.6
FIN,1997,10.6
FIN,1998,9.9
FIN,1999,9.4
FIN,2000,10.8
FIN,2001,9.9
FIN,2002,9.9
FIN,2003,9.4
FIN,2004,9.3
FIN,2005,9.8
FIN,2006,9.2
FIN,2007,8.7
FIN,2008,8.4
FIN,2009,9.8
FIN,2010,8.3
FIN,2011,7.1
FIN,2012,7.6
FIN,2013,7.8
FIN,2014,6.7
FIN,2016,6
FIN,2017,7.5
FIN,2018,6.8
FRA,1960,30.7
FRA,1961,31.3
FRA,1962,29.5
FRA,1963,30.6
FRA,1964,28.7
FRA,1965,29.4
FRA,1966,29.8
FRA,1967,29.9
FRA,1968,28.3
FRA,1969,28.6
FRA,1970,27.9
FRA,1971,27.5
FRA,1972,28.6
FRA,1973,27.8
FRA,1974,27.5
FRA,1975,27.4
FRA,1976,27.1
FRA,1977,27.3
FRA,1978,29.2
FRA,1979,31.3
FRA,1980,32.5
FRA,1981,32.6
FRA,1982,35.1
FRA,1983,36.3
FRA,1984,36.7
FRA,1985,37.5
FRA,1986,38
FRA,1987,35.6
FRA,1988,33.7
FRA,1989,33.7
FRA,1990,32.8
FRA,1991,32.3
FRA,1992,32.9
FRA,1993,33.9
FRA,1994,33.5
FRA,1995,32.2
FRA,1996,30.4
FRA,1997,29.9
FRA,1998,29
FRA,1999,27.6
FRA,2000,29.3
FRA,2001,27.9
FRA,2002,27.8
FRA,2003,28.6
FRA,2004,27.5
FRA,2005,27.1
FRA,2006,26
FRA,2007,25.2
FRA,2008,25.6
FRA,2009,25.8
FRA,2010,25.2
FRA,2011,25.4
FRA,2012,23.6
FRA,2013,23.1
FRA,2014,21.1
FRA,2015,21.8
FRA,2016,20.2
FRA,1960,8.7
FRA,1961,8.2
FRA,1962,8
FRA,1963,8.2
FRA,1964,8.4
FRA,1965,8
FRA,1966,8.8
FRA,1967,8.6
FRA,1968,9.1
FRA,1969,9
FRA,1970,8.9
FRA,1971,9.2
FRA,1972,9.8
FRA,1973,9.2
FRA,1974,9.3
FRA,1975,9.4
FRA,1976,9.4
FRA,1977,10.3
FRA,1978,10.3
FRA,1979,10.9
FRA,1980,11.4
FRA,1981,11.3
FRA,1982,12
FRA,1983,12.5
FRA,1984,12.7
FRA,1985,13
FRA,1986,13.3
FRA,1987,12.7
FRA,1988,11.9
FRA,1989,11.7
FRA,1990,11.1
FRA,1991,11.2
FRA,1992,10.8
FRA,1993,11.4
FRA,1994,10.5
FRA,1995,10.5
FRA,1996,10.2
FRA,1997,9.9
FRA,1998,9
FRA,1999,9.1
FRA,2000,9.1
FRA,2001,8.9
FRA,2002,9.2
FRA,2003,8.8
FRA,2004,9.1
FRA,2005,8.8
FRA,2006,8.5
FRA,2007,8
FRA,2008,8
FRA,2009,8
FRA,2010,7.9
FRA,2011,7.5
FRA,2012,6.8
FRA,2013,6.7
FRA,2014,6.2
FRA,2015,5.8
FRA,2016,5.5
DEU,1990,26.7
DEU,1991,26.7
DEU,1992,25.6
DEU,1993,24.4
DEU,1994,24.5
DEU,1995,24.6
DEU,1996,23
DEU,1997,23.1
DEU,1998,22.4
DEU,1999,20.8
DEU,2000,20.8
DEU,2001,20.7
DEU,2002,20.3
DEU,2003,20.4
DEU,2004,19.5
DEU,2005,18.3
DEU,2006,17.3
DEU,2007,16.5
DEU,2008,16.5
DEU,2009,16.7
DEU,2010,17.3
DEU,2011,17.4
DEU,2012,16.4
DEU,2013,17.2
DEU,2014,17.3
DEU,2015,16.5
DEU,2016,16.3
DEU,2017,15.3
DEU,2018,15.4
DEU,2019,14.7
DEU,1990,9.6
DEU,1991,9.5
DEU,1992,8.9
DEU,1993,8.1
DEU,1994,7.8
DEU,1995,7.9
DEU,1996,7.5
DEU,1997,7.3
DEU,1998,6.6
DEU,1999,6.5
DEU,2000,6.2
DEU,2001,6.2
DEU,2002,6.3
DEU,2003,6.2
DEU,2004,5.7
DEU,2005,5.6
DEU,2006,5.2
DEU,2007,4.8
DEU,2008,4.9
DEU,2009,4.8
DEU,2010,5.1
DEU,2011,5
DEU,2012,5.2
DEU,2013,5.3
DEU,2014,5.2
DEU,2015,5.4
DEU,2016,4.9
DEU,2017,4.4
DEU,2018,4.5
DEU,2019,4.3
GRC,1961,7.6
GRC,1962,5.5
GRC,1963,6.3
GRC,1964,6
GRC,1965,5.4
GRC,1966,5.1
GRC,1967,6.1
GRC,1968,6.8
GRC,1969,6.2
GRC,1970,5.4
GRC,1971,5.8
GRC,1972,4.8
GRC,1973,4.9
GRC,1974,5.4
GRC,1975,4
GRC,1976,4.6
GRC,1977,5.4
GRC,1978,4.9
GRC,1979,4.4
GRC,1980,5.5
GRC,1981,5.2
GRC,1982,5.6
GRC,1983,6
GRC,1984,6.3
GRC,1985,6.2
GRC,1986,6.4
GRC,1987,6.6
GRC,1988,6.2
GRC,1989,6
GRC,1990,5.7
GRC,1991,6.3
GRC,1992,5.7
GRC,1993,6.2
GRC,1994,5.6
GRC,1995,6.1
GRC,1996,5.6
GRC,1997,6.1
GRC,1998,5.9
GRC,1999,5.6
GRC,2000,5.5
GRC,2001,5.2
GRC,2002,4.6
GRC,2003,5.5
GRC,2004,5.1
GRC,2005,5.7
GRC,2006,5.6
GRC,2007,4.6
GRC,2008,5.2
GRC,2009,5.6
GRC,2010,5.6
GRC,2011,6.6
GRC,2012,7.1
GRC,2013,7.5
GRC,2014,7.8
GRC,2015,7.4
GRC,2016,7
GRC,2017,7.3
GRC,2018,7.7
GRC,1961,3.2
GRC,1962,2.7
GRC,1963,3
GRC,1964,2
GRC,1965,2.3
GRC,1966,2.5
GRC,1967,2.5
GRC,1968,2.2
GRC,1969,2.4
GRC,1970,2
GRC,1971,2.2
GRC,1972,1.7
GRC,1973,2.1
GRC,1974,2.5
GRC,1975,2.2
GRC,1976,1.9
GRC,1977,2.1
GRC,1978,1.8
GRC,1979,2
GRC,1980,2
GRC,1981,2.1
GRC,1982,2.2
GRC,1983,2.1
GRC,1984,2.2
GRC,1985,2.6
GRC,1986,2
GRC,1987,2.3
GRC,1988,2.3
GRC,1989,2.1
GRC,1990,1.5
GRC,1991,1.6
GRC,1992,1.4
GRC,1993,1.9
GRC,1994,1.3
GRC,1995,1.1
GRC,1996,1.1
GRC,1997,1
GRC,1998,1.5
GRC,1999,1.4
GRC,2000,1.4
GRC,2001,0.8
GRC,2002,1.1
GRC,2003,1.2
GRC,2004,1.1
GRC,2005,1.3
GRC,2006,1.2
GRC,2007,1
GRC,2008,1
GRC,2009,0.9
GRC,2010,0.7
GRC,2011,1.4
GRC,2012,1.5
GRC,2013,1.8
GRC,2014,1.9
GRC,2015,1.7
GRC,2016,1.4
GRC,2017,1.6
GRC,2018,2
HUN,1960,44.1
HUN,1961,45.2
HUN,1962,44.1
HUN,1963,47.4
HUN,1964,50.2
HUN,1965,51.9
HUN,1966,50.8
HUN,1967,54
HUN,1968,57.6
HUN,1969,56.5
HUN,1970,59.4
HUN,1971,61.2
HUN,1972,61.5
HUN,1973,63.7
HUN,1974,69.1
HUN,1975,64.9
HUN,1976,67.5
HUN,1977,64.6
HUN,1978,70.7
HUN,1979,74.6
HUN,1980,75.2
HUN,1981,74.6
HUN,1982,72.4
HUN,1983,77
HUN,1984,77.2
HUN,1985,77.2
HUN,1986,75
HUN,1987,74.9
HUN,1988,65.6
HUN,1989,69.1
HUN,1990,68.7
HUN,1991,65.1
HUN,1992,66.3
HUN,1993,61.7
HUN,1994,61.7
HUN,1995,56.2
HUN,1996,56.2
HUN,1997,54.6
HUN,1998,54.2
HUN,1999,58.7
HUN,2000,55.9
HUN,2001,50.6
HUN,2002,48.4
HUN,2003,47.2
HUN,2004,45.8
HUN,2005,44.5
HUN,2006,39.7
HUN,2007,40.7
HUN,2008,41.3
HUN,2009,40.4
HUN,2010,41.1
HUN,2011,38.8
HUN,2012,38
HUN,2013,33.1
HUN,2014,30.7
HUN,2015,29.4
HUN,2016,27.5
HUN,2017,26.1
HUN,2018,27
HUN,2019,24.1
HUN,1960,17.4
HUN,1961,17.7
HUN,1962,17.4
HUN,1963,19
HUN,1964,19.6
HUN,1965,20.4
HUN,1966,19.9
HUN,1967,20.2
HUN,1968,21.3
HUN,1969,20.8
HUN,1970,21.3
HUN,1971,22.9
HUN,1972,22.6
HUN,1973,22.4
HUN,1974,24.5
HUN,1975,23
HUN,1976,25.5
HUN,1977,26.7
HUN,1978,27.9
HUN,1979,27.6
HUN,1980,27.9
HUN,1981,29.6
HUN,1982,26.7
HUN,1983,27.1
HUN,1984,26.3
HUN,1985,23.5
HUN,1986,26.2
HUN,1987,25.8
HUN,1988,25.6
HUN,1989,23
HUN,1990,21.4
HUN,1991,20.6
HUN,1992,19.4
HUN,1993,17.8
HUN,1994,16.5
HUN,1995,16.1
HUN,1996,16.3
HUN,1997,14.7
HUN,1998,13.9
HUN,1999,14.3
HUN,2000,14.5
HUN,2001,12.2
HUN,2002,11.4
HUN,2003,11
HUN,2004,11.2
HUN,2005,10.1
HUN,2006,10.3
HUN,2007,9.5
HUN,2008,9.5
HUN,2009,9.5
HUN,2010,9.2
HUN,2011,9.6
HUN,2012,9.1
HUN,2013,8.4
HUN,2014,7.5
HUN,2015,7.8
HUN,2016,7.3
HUN,2017,6.5
HUN,2018,6.2
HUN,2019,6.5
ISL,1960,11.7
ISL,1961,19.5
ISL,1962,17.4
ISL,1963,16.6
ISL,1964,21
ISL,1965,29.2
ISL,1966,40.4
ISL,1967,35.9
ISL,1968,16.6
ISL,1969,17.7
ISL,1970,29.2
ISL,1971,10.3
ISL,1972,14.6
ISL,1973,26.1
ISL,1974,16.8
ISL,1975,15.5
ISL,1976,16.7
ISL,1977,18.1
ISL,1978,21.3
ISL,1979,27.3
ISL,1980,14.1
ISL,1981,11.1
ISL,1982,12.7
ISL,1983,33.3
ISL,1984,35.1
ISL,1985,22.6
ISL,1986,22.5
ISL,1987,20.9
ISL,1988,27.3
ISL,1989,13
ISL,1990,27.6
ISL,1991,24.1
ISL,1992,18.1
ISL,1993,15.1
ISL,1994,16.5
ISL,1995,17.2
ISL,1996,22.5
ISL,1997,22.3
ISL,1998,17.9
ISL,1999,17.2
ISL,2000,29.8
ISL,2001,19.9
ISL,2002,13.9
ISL,2003,14.6
ISL,2004,18.8
ISL,2005,16.1
ISL,2006,14.1
ISL,2007,19.2
ISL,2008,16.9
ISL,2009,18.7
ISL,2010,23.1
ISL,2011,14.1
ISL,2012,16.6
ISL,2013,23
ISL,2014,21
ISL,2015,17.6
ISL,2016,21.5
ISL,2017,17.7
ISL,2018,16.2
ISL,2019,17.4
ISL,1960,9.1
ISL,1961,7.1
ISL,1962,5.6
ISL,1963,4.2
ISL,1964,2.7
ISL,1965,4
ISL,1966,8.2
ISL,1967,10.3
ISL,1968,2.9
ISL,1969,7.8
ISL,1970,5.5
ISL,1971,2.8
ISL,1972,6.8
ISL,1973,6.8
ISL,1974,8.1
ISL,1975,10
ISL,1976,5.2
ISL,1977,4.3
ISL,1978,3.2
ISL,1979,4.8
ISL,1980,11.2
ISL,1981,4.3
ISL,1982,7.4
ISL,1983,7.5
ISL,1984,7.7
ISL,1985,8.1
ISL,1986,12.8
ISL,1987,14.5
ISL,1988,5.2
ISL,1989,5.8
ISL,1990,4.7
ISL,1991,7.1
ISL,1992,4.6
ISL,1993,6.5
ISL,1994,3.5
ISL,1995,4
ISL,1996,4.5
ISL,1997,5.4
ISL,1998,5.1
ISL,1999,5.5
ISL,2000,6.3
ISL,2001,5.9
ISL,2002,6.6
ISL,2003,4.9
ISL,2004,6.6
ISL,2005,6.7
ISL,2006,7.2
ISL,2007,4.6
ISL,2008,7.7
ISL,2009,4.6
ISL,2010,6.6
ISL,2011,3.2
ISL,2012,7
ISL,2013,9
ISL,2014,6.9
ISL,2015,6.7
ISL,2016,2.4
ISL,2017,1.3
ISL,2018,2.7
ISL,2019,4
IRL,1960,5
IRL,1961,6
IRL,1962,3.5
IRL,1963,4.6
IRL,1964,4.2
IRL,1965,3.7
IRL,1966,4.6
IRL,1967,4.5
IRL,1968,4.7
IRL,1969,3.3
IRL,1970,3.6
IRL,1971,5
IRL,1972,5.3
IRL,1973,6.1
IRL,1974,7.4
IRL,1975,7.8
IRL,1976,9.7
IRL,1977,7
IRL,1978,7.8
IRL,1979,9.9
IRL,1980,10.3
IRL,1981,11
IRL,1982,12.3
IRL,1983,13.2
IRL,1984,11.2
IRL,1985,14.1
IRL,1986,14.2
IRL,1987,12.4
IRL,1988,12.8
IRL,1989,14.1
IRL,1990,16.6
IRL,1991,17.7
IRL,1992,18.9
IRL,1993,15.9
IRL,1994,18.3
IRL,1995,19.1
IRL,1996,20
IRL,1997,21
IRL,1998,23.5
IRL,1999,19
IRL,2000,20.3
IRL,2001,21.5
IRL,2002,18.7
IRL,2003,18
IRL,2004,19.3
IRL,2005,17.3
IRL,2006,17.4
IRL,2007,16.4
IRL,2008,17.3
IRL,2009,18.8
IRL,2010,17.2
IRL,2011,20.5
IRL,2012,20.2
IRL,2013,17.7
IRL,2014,17.8
IRL,2015,15
IRL,1960,2.1
IRL,1961,1.6
IRL,1962,0.9
IRL,1963,1.4
IRL,1964,0.9
IRL,1965,0.6
IRL,1966,1.4
IRL,1967,1.5
IRL,1968,1.2
IRL,1969,1.2
IRL,1970,0.7
IRL,1971,1.9
IRL,1972,2.1
IRL,1973,2.3
IRL,1974,2.1
IRL,1975,3.5
IRL,1976,4.1
IRL,1977,4
IRL,1978,4.1
IRL,1979,3.5
IRL,1980,5.3
IRL,1981,4.9
IRL,1982,4.6
IRL,1983,5.8
IRL,1984,4.7
IRL,1985,4.2
IRL,1986,4.6
IRL,1987,4.1
IRL,1988,5
IRL,1989,4.4
IRL,1990,5.4
IRL,1991,4.2
IRL,1992,3.8
IRL,1993,4.3
IRL,1994,5.7
IRL,1995,5
IRL,1996,3.6
IRL,1997,5.2
IRL,1998,4.1
IRL,1999,4.6
IRL,2000,4.3
IRL,2001,4.3
IRL,2002,4.2
IRL,2003,5
IRL,2004,3.8
IRL,2005,4.3
IRL,2006,3.9
IRL,2007,4.5
IRL,2008,5.6
IRL,2009,4.7
IRL,2010,4.5
IRL,2011,4.1
IRL,2012,4.2
IRL,2013,4.2
IRL,2014,3.8
IRL,2015,3.9
ITA,1960,11
ITA,1961,10
ITA,1962,9.9
ITA,1963,9.4
ITA,1964,10
ITA,1965,10.1
ITA,1966,9.5
ITA,1967,10.2
ITA,1968,9.9
ITA,1969,9.8
ITA,1970,10.2
ITA,1971,10.3
ITA,1972,10.4
ITA,1973,10.4
ITA,1974,9.1
ITA,1975,9.6
ITA,1976,9.6
ITA,1977,10.7
ITA,1978,11.1
ITA,1979,11.4
ITA,1980,11.8
ITA,1981,11.4
ITA,1982,12.6
ITA,1983,12.9
ITA,1984,13.1
ITA,1985,14
ITA,1986,13.4
ITA,1987,13.2
ITA,1988,12.6
ITA,1989,12.3
ITA,1990,12.5
ITA,1991,12.3
ITA,1992,12.7
ITA,1993,13.3
ITA,1994,12.7
ITA,1995,12.7
ITA,1996,12.6
ITA,1997,12.8
ITA,1998,12.4
ITA,1999,11.1
ITA,2000,10.9
ITA,2001,10.8
ITA,2002,10.9
ITA,2003,10.6
ITA,2004,10.4
ITA,2005,9.5
ITA,2006,9.4
ITA,2007,9.4
ITA,2008,9.6
ITA,2009,9.8
ITA,2010,9.8
ITA,2011,10.5
ITA,2012,10.5
ITA,2013,10.3
ITA,2014,9.8
ITA,2015,9.4
ITA,2016,9.2
ITA,2017,9.3
ITA,1960,4.2
ITA,1961,3.7
ITA,1962,3.5
ITA,1963,3.6
ITA,1964,3.5
ITA,1965,3.5
ITA,1966,3.4
ITA,1967,3.5
ITA,1968,3.4
ITA,1969,3.6
ITA,1970,3.8
ITA,1971,3.9
ITA,1972,3.9
ITA,1973,3.7
ITA,1974,3.7
ITA,1975,3.7
ITA,1976,3.7
ITA,1977,4
ITA,1978,3.9
ITA,1979,4.4
ITA,1980,4.7
ITA,1981,4.1
ITA,1982,4.5
ITA,1983,4.4
ITA,1984,4.6
ITA,1985,4.7
ITA,1986,4.7
ITA,1987,4.2
ITA,1988,4.2
ITA,1989,4
ITA,1990,3.9
ITA,1991,4
ITA,1992,3.9
ITA,1993,3.7
ITA,1994,3.5
ITA,1995,3.6
ITA,1996,3.8
ITA,1997,3.5
ITA,1998,3.2
ITA,1999,3.1
ITA,2000,3.2
ITA,2001,2.9
ITA,2002,2.8
ITA,2003,2.9
ITA,2004,2.8
ITA,2005,2.7
ITA,2006,2.5
ITA,2007,2.5
ITA,2008,2.6
ITA,2009,2.5
ITA,2010,2.4
ITA,2011,2.4
ITA,2012,2.6
ITA,2013,2.7
ITA,2014,2.6
ITA,2015,2.4
ITA,2016,2.2
ITA,2017,2.3
JPN,1960,33.4
JPN,1961,31.1
JPN,1962,28.6
JPN,1963,26.9
JPN,1964,25.6
JPN,1965,25.3
JPN,1966,25
JPN,1967,23.1
JPN,1968,24.5
JPN,1969,24.7
JPN,1970,25.9
JPN,1971,25.3
JPN,1972,27.2
JPN,1973,27.9
JPN,1974,27.5
JPN,1975,28.8
JPN,1976,27.4
JPN,1977,28.4
JPN,1978,28.1
JPN,1979,28.3
JPN,1980,27.3
JPN,1981,27.1
JPN,1982,27.4
JPN,1983,34.4
JPN,1984,32.7
JPN,1985,30.6
JPN,1986,32.3
JPN,1987,29.4
JPN,1988,27.2
JPN,1989,24.4
JPN,1990,22.9
JPN,1991,22.5
JPN,1992,24
JPN,1993,23.6
JPN,1994,24.1
JPN,1995,24
JPN,1996,24.6
JPN,1997,26
JPN,1998,35.6
JPN,1999,35.4
JPN,2000,33.6
JPN,2001,32.5
JPN,2002,33.1
JPN,2003,35.6
JPN,2004,33.4
JPN,2005,33.6
JPN,2006,32.3
JPN,2007,33
JPN,2008,32.4
JPN,2009,33.4
JPN,2010,31.4
JPN,2011,29.9
JPN,2012,27.8
JPN,2013,27.2
JPN,2014,25.4
JPN,2015,24.2
JPN,2016,22.1
JPN,2017,21.7
JPN,2018,21
JPN,1960,22.9
JPN,1961,21.5
JPN,1962,19.3
JPN,1963,17.7
JPN,1964,17.5
JPN,1965,17
JPN,1966,17.5
JPN,1967,16.4
JPN,1968,17.2
JPN,1969,17.1
JPN,1970,17.5
JPN,1971,17.4
JPN,1972,18.5
JPN,1973,18.9
JPN,1974,19.3
JPN,1975,18.3
JPN,1976,17.6
JPN,1977,17
JPN,1978,16.4
JPN,1979,16.4
JPN,1980,15.5
JPN,1981,14.5
JPN,1982,14.4
JPN,1983,15.4
JPN,1984,15.1
JPN,1985,14.6
JPN,1986,16.3
JPN,1987,14.8
JPN,1988,14.5
JPN,1989,13.7
JPN,1990,12.7
JPN,1991,11.8
JPN,1992,11.5
JPN,1993,10.7
JPN,1994,10.3
JPN,1995,10.6
JPN,1996,10.6
JPN,1997,10.9
JPN,1998,13.3
JPN,1999,12.6
JPN,2000,11.8
JPN,2001,11.3
JPN,2002,11.2
JPN,2003,11.8
JPN,2004,11.2
JPN,2005,11.4
JPN,2006,11.6
JPN,2007,11.9
JPN,2008,11.9
JPN,2009,11.7
JPN,2010,11.5
JPN,2011,12.4
JPN,2012,10.8
JPN,2013,10.6
JPN,2014,10.2
JPN,2015,9.3
JPN,2016,8.6
JPN,2017,8.4
JPN,2018,8.6
KOR,1985,17.6
KOR,1986,16.7
KOR,1987,15.4
KOR,1988,12.5
KOR,1989,13.1
KOR,1990,13.3
KOR,1991,12.4
KOR,1992,14.2
KOR,1993,17
KOR,1994,17.5
KOR,1995,19.2
KOR,1996,23
KOR,1997,24.1
KOR,1998,34.4
KOR,1999,28
KOR,2000,25.6
KOR,2001,28.1
KOR,2002,34.9
KOR,2003,44.3
KOR,2004,45.2
KOR,2005,45.4
KOR,2006,40
KOR,2007,42.2
KOR,2008,41.9
KOR,2009,48.3
KOR,2010,49.6
KOR,2011,50
KOR,2012,43.2
KOR,2013,43.3
KOR,2014,40.1
KOR,2015,39.5
KOR,2016,37.4
KOR,2017,35.1
KOR,2018,37.6
KOR,2019,36.5
KOR,1985,5.9
KOR,1986,5.1
KOR,1987,5.1
KOR,1988,4.7
KOR,1989,5
KOR,1990,5.1
KOR,1991,5
KOR,1992,5.6
KOR,1993,6.7
KOR,1994,7.1
KOR,1995,7.6
KOR,1996,9
KOR,1997,9.2
KOR,1998,11.8
KOR,1999,10.4
KOR,2000,9.8
KOR,2001,10.4
KOR,2002,13.7
KOR,2003,16.6
KOR,2004,17.8
KOR,2005,18.7
KOR,2006,16.1
KOR,2007,19.5
KOR,2008,19.4
KOR,2009,22.8
KOR,2010,21.4
KOR,2011,20.2
KOR,2012,17.8
KOR,2013,16.8
KOR,2014,15.4
KOR,2015,14.7
KOR,2016,14.1
KOR,2017,12.8
KOR,2018,13.7
KOR,2019,14.6
LUX,1967,18.4
LUX,1968,21
LUX,1969,25.7
LUX,1970,25.7
LUX,1971,26.2
LUX,1972,21.9
LUX,1973,21.5
LUX,1974,20.7
LUX,1975,16.9
LUX,1976,20.4
LUX,1977,23.9
LUX,1978,29
LUX,1979,31.8
LUX,1980,23.1
LUX,1981,25.8
LUX,1982,36.3
LUX,1983,38.4
LUX,1984,27.8
LUX,1985,25.1
LUX,1986,21.9
LUX,1987,24.6
LUX,1988,29
LUX,1989,31.2
LUX,1990,26.2
LUX,1991,29.9
LUX,1992,16.1
LUX,1993,26
LUX,1994,34.4
LUX,1995,23.9
LUX,1996,27.3
LUX,1997,33.2
LUX,1998,24.4
LUX,1999,24.1
LUX,2000,24.1
LUX,2001,24.3
LUX,2002,30.2
LUX,2003,19.6
LUX,2004,21.4
LUX,2005,18.9
LUX,2006,21.3
LUX,2007,23.3
LUX,2008,14.7
LUX,2009,14.2
LUX,2010,17.1
LUX,2011,14.2
LUX,2012,14.8
LUX,2013,9.1
LUX,2014,18.3
LUX,2015,15.9
LUX,2016,11
LUX,2017,12.3
LUX,2018,13.3
LUX,1967,9.9
LUX,1968,5.2
LUX,1969,8.1
LUX,1970,7.8
LUX,1971,5.3
LUX,1972,9.7
LUX,1973,7.9
LUX,1974,7.3
LUX,1975,6.6
LUX,1976,9.8
LUX,1977,9.8
LUX,1978,9.5
LUX,1979,13.8
LUX,1980,6.9
LUX,1981,8.8
LUX,1982,9.9
LUX,1983,11.7
LUX,1984,11.4
LUX,1985,8.8
LUX,1986,7
LUX,1987,14.8
LUX,1988,8.4
LUX,1989,9.7
LUX,1990,10.7
LUX,1991,11.4
LUX,1992,15
LUX,1993,7.7
LUX,1994,6.6
LUX,1995,8.5
LUX,1996,9
LUX,1997,9.6
LUX,1998,7.1
LUX,1999,9.5
LUX,2000,7
LUX,2001,9.8
LUX,2002,9.9
LUX,2003,3.6
LUX,2004,6.9
LUX,2005,4.1
LUX,2006,7.4
LUX,2007,10.2
LUX,2008,3.1
LUX,2009,4.5
LUX,2010,4.2
LUX,2011,6.6
LUX,2012,4.3
LUX,2013,5.6
LUX,2014,5.3
LUX,2015,6.6
LUX,2016,3.5
LUX,2017,4.8
LUX,2018,3.2
MEX,1969,2
MEX,1970,3.2
MEX,1971,1.9
MEX,1972,2
MEX,1973,1.8
MEX,1979,4.7
MEX,1980,3.7
MEX,1981,4.4
MEX,1982,4.6
MEX,1983,3.9
MEX,1984,3.7
MEX,1985,5.5
MEX,1986,6.1
MEX,1987,5.8
MEX,1988,5.8
MEX,1989,6.3
MEX,1990,6.4
MEX,1991,6.4
MEX,1992,6.8
MEX,1993,7.3
MEX,1994,7.7
MEX,1995,8.1
MEX,1996,7.5
MEX,1997,7.7
MEX,1998,7.6
MEX,1999,7.3
MEX,2000,7.9
MEX,2001,8.1
MEX,2002,7.8
MEX,2003,8.2
MEX,2004,8.2
MEX,2005,8.8
MEX,2006,8.2
MEX,2007,7.9
MEX,2008,8.2
MEX,2009,8.7
MEX,2010,8.7
MEX,2011,8.9
MEX,2012,8.3
MEX,2013,8.8
MEX,2014,9.6
MEX,2015,9.5
MEX,2016,9.5
MEX,2017,9.6
MEX,1969,0.3
MEX,1970,0.6
MEX,1971,0.4
MEX,1972,0.4
MEX,1973,0.3
MEX,1979,0.9
MEX,1980,0.7
MEX,1981,1
MEX,1982,0.9
MEX,1983,0.8
MEX,1984,0.5
MEX,1985,0.8
MEX,1986,0.8
MEX,1987,0.9
MEX,1988,0.8
MEX,1989,0.9
MEX,1990,0.8
MEX,1991,0.9
MEX,1992,1
MEX,1993,0.9
MEX,1994,1
MEX,1995,1
MEX,1996,1
MEX,1997,1.1
MEX,1998,1.1
MEX,1999,1
MEX,2000,1.1
MEX,2001,1.4
MEX,2002,1.3
MEX,2003,1.4
MEX,2004,1.3
MEX,2005,1.4
MEX,2006,1.3
MEX,2007,1.4
MEX,2008,1.5
MEX,2009,1.6
MEX,2010,1.5
MEX,2011,1.7
MEX,2012,1.7
MEX,2013,1.7
MEX,2014,1.9
MEX,2015,1.9
MEX,2016,1.8
MEX,2017,1.9
NLD,1960,11.6
NLD,1961,12.2
NLD,1962,11.1
NLD,1963,11.1
NLD,1964,11.3
NLD,1965,12.2
NLD,1966,12.2
NLD,1967,10.7
NLD,1968,10.7
NLD,1969,12.2
NLD,1970,13.2
NLD,1971,12.9
NLD,1972,13.2
NLD,1973,12.5
NLD,1974,13.9
NLD,1975,13.4
NLD,1976,14.9
NLD,1977,14.2
NLD,1978,13.3
NLD,1979,14.3
NLD,1980,15.4
NLD,1981,14.4
NLD,1982,15.5
NLD,1983,17.1
NLD,1984,17.5
NLD,1985,16.4
NLD,1986,15.9
NLD,1987,15.3
NLD,1988,14.8
NLD,1989,13.9
NLD,1990,13.3
NLD,1991,15.2
NLD,1992,14.9
NLD,1993,14.2
NLD,1994,15.1
NLD,1995,13.5
NLD,1996,14.2
NLD,1997,14.2
NLD,1998,13.5
NLD,1999,13.4
NLD,2000,13.3
NLD,2001,13
NLD,2002,13.5
NLD,2003,12.8
NLD,2004,12.9
NLD,2005,13.3
NLD,2006,13.1
NLD,2007,11.6
NLD,2008,12.1
NLD,2009,12.8
NLD,2010,13.3
NLD,2011,13.5
NLD,2012,14
NLD,2013,15.2
NLD,2014,14.4
NLD,2015,14.7
NLD,2016,14.6
NLD,2017,14.7
NLD,2018,13.2
NLD,1960,6.4
NLD,1961,5.8
NLD,1962,6.5
NLD,1963,5.5
NLD,1964,6.1
NLD,1965,6.6
NLD,1966,6.5
NLD,1967,5.5
NLD,1968,5.7
NLD,1969,6.6
NLD,1970,7.4
NLD,1971,8
NLD,1972,7.6
NLD,1973,8.7
NLD,1974,8.6
NLD,1975,8.2
NLD,1976,8
NLD,1977,7.8
NLD,1978,9.2
NLD,1979,10.2
NLD,1980,8.1
NLD,1981,8.6
NLD,1982,9.1
NLD,1983,10.2
NLD,1984,10.2
NLD,1985,8.5
NLD,1986,8.6
NLD,1987,8.7
NLD,1988,7.7
NLD,1989,7.8
NLD,1990,7.3
NLD,1991,7.6
NLD,1992,7.2
NLD,1993,6.9
NLD,1994,6.4
NLD,1995,6.5
NLD,1996,6.7
NLD,1997,6.6
NLD,1998,6.4
NLD,1999,6.2
NLD,2000,6.1
NLD,2001,5.6
NLD,2002,6.1
NLD,2003,5.8
NLD,2004,5.8
NLD,2005,5.9
NLD,2006,5.6
NLD,2007,4.8
NLD,2008,5.1
NLD,2009,5.3
NLD,2010,5.4
NLD,2011,5.8
NLD,2012,6.3
NLD,2013,6.1
NLD,2014,6.5
NLD,2015,6.5
NLD,2016,6.6
NLD,2017,6.6
NLD,2018,7
NZL,1960,18.2
NZL,1961,16.5
NZL,1962,15.6
NZL,1963,16.4
NZL,1964,13
NZL,1965,16.9
NZL,1966,16.3
NZL,1967,18.6
NZL,1968,17
NZL,1969,17.8
NZL,1970,16.3
NZL,1971,13.8
NZL,1972,15.7
NZL,1973,16.5
NZL,1974,16.5
NZL,1975,16.8
NZL,1976,16
NZL,1977,20.6
NZL,1978,16.2
NZL,1979,16.9
NZL,1980,17.3
NZL,1981,18.5
NZL,1982,19.1
NZL,1983,17.5
NZL,1984,21.5
NZL,1985,18
NZL,1986,20.7
NZL,1987,24.4
NZL,1988,24.8
NZL,1989,23.9
NZL,1990,23.3
NZL,1991,22.5
NZL,1992,23.8
NZL,1993,20.1
NZL,1994,24.4
NZL,1995,24.5
NZL,1996,24.3
NZL,1997,24.5
NZL,1998,24.5
NZL,1999,21.2
NZL,2000,20.8
NZL,2001,21.4
NZL,2002,19.4
NZL,2003,20
NZL,2004,20.2
NZL,2005,19.6
NZL,2006,19.5
NZL,2007,18.8
NZL,2008,18.8
NZL,2009,19.2
NZL,2010,18.6
NZL,2011,17.7
NZL,2012,18.8
NZL,2013,17.6
NZL,2014,17.7
NZL,2015,17.7
NZL,2016,18.3
NZL,1960,6.9
NZL,1961,5.2
NZL,1962,6.8
NZL,1963,8.9
NZL,1964,8
NZL,1965,7.8
NZL,1966,8.3
NZL,1967,8
NZL,1968,8
NZL,1969,8.5
NZL,1970,8.4
NZL,1971,7.5
NZL,1972,7.3
NZL,1973,6.6
NZL,1974,6.9
NZL,1975,7.8
NZL,1976,7.3
NZL,1977,8.4
NZL,1978,9.1
NZL,1979,6.7
NZL,1980,8.1
NZL,1981,5.8
NZL,1982,8.1
NZL,1983,7.2
NZL,1984,6.3
NZL,1985,5.5
NZL,1986,7.4
NZL,1987,6.5
NZL,1988,6.3
NZL,1989,5.8
NZL,1990,5.6
NZL,1991,5.6
NZL,1992,5.9
NZL,1993,5.4
NZL,1994,5.7
NZL,1995,6.4
NZL,1996,5.9
NZL,1997,6.4
NZL,1998,6.9
NZL,1999,6.7
NZL,2000,4.3
NZL,2001,6.2
NZL,2002,5.7
NZL,2003,7.1
NZL,2004,5.4
NZL,2005,6.3
NZL,2006,6.5
NZL,2007,5.4
NZL,2008,6.4
NZL,2009,5.4
NZL,2010,6.7
NZL,2011,5.2
NZL,2012,6.4
NZL,2013,6.5
NZL,2014,5.7
NZL,2015,6.2
NZL,2016,6.1
NOR,1960,11.4
NOR,1961,11.9
NOR,1962,13.9
NOR,1963,13.3
NOR,1964,12.9
NOR,1965,13.3
NOR,1966,11.8
NOR,1967,11.6
NOR,1968,13.3
NOR,1969,14.5
NOR,1970,13.3
NOR,1971,13.7
NOR,1972,14.4
NOR,1973,14.7
NOR,1974,17.9
NOR,1975,15.6
NOR,1976,17.5
NOR,1977,18.7
NOR,1978,18.6
NOR,1979,18.5
NOR,1980,19.6
NOR,1981,20.4
NOR,1982,22.1
NOR,1983,22.7
NOR,1984,22.7
NOR,1985,21.8
NOR,1986,21
NOR,1987,24.5
NOR,1988,25.4
NOR,1989,23.7
NOR,1990,23.6
NOR,1991,24.2
NOR,1992,21.5
NOR,1993,21.4
NOR,1994,17.9
NOR,1995,19.3
NOR,1996,18.3
NOR,1997,18.7
NOR,1998,18.6
NOR,1999,20.1
NOR,2000,19
NOR,2001,18.9
NOR,2002,16.6
NOR,2003,16.8
NOR,2004,16.4
NOR,2005,15.9
NOR,2006,17.2
NOR,2007,14.8
NOR,2008,14.8
NOR,2009,17.4
NOR,2010,15.9
NOR,2011,17.7
NOR,2012,14.7
NOR,2013,14.7
NOR,2014,15.5
NOR,2015,15.2
NOR,2016,15.8
NOR,1960,2.7
NOR,1961,2.9
NOR,1962,3.3
NOR,1963,4.5
NOR,1964,3.5
NOR,1965,3.8
NOR,1966,3.7
NOR,1967,3.7
NOR,1968,4.4
NOR,1969,3.6
NOR,1970,5.4
NOR,1971,4.4
NOR,1972,5.4
NOR,1973,4.4
NOR,1974,4.9
NOR,1975,6
NOR,1976,6
NOR,1977,6.4
NOR,1978,6.5
NOR,1979,7.8
NOR,1980,7
NOR,1981,7
NOR,1982,8
NOR,1983,8.8
NOR,1984,7.6
NOR,1985,7.7
NOR,1986,8.1
NOR,1987,8.2
NOR,1988,9.5
NOR,1989,8.4
NOR,1990,8.1
NOR,1991,8.4
NOR,1992,7.8
NOR,1993,6.4
NOR,1994,7.1
NOR,1995,6.3
NOR,1996,5.9
NOR,1997,6.6
NOR,1998,6.8
NOR,1999,6.9
NOR,2000,5.9
NOR,2001,6.3
NOR,2002,5.9
NOR,2003,5.6
NOR,2004,7.5
NOR,2005,7.5
NOR,2006,6.1
NOR,2007,6.3
NOR,2008,6.6
NOR,2009,6.6
NOR,2010,6.7
NOR,2011,6.7
NOR,2012,5.8
NOR,2013,7
NOR,2014,5.7
NOR,2015,7.2
NOR,2016,7.4
POL,1960,17.7
POL,1961,18.3
POL,1962,19.3
POL,1963,18.5
POL,1964,18.2
POL,1965,19.6
POL,1966,21
POL,1967,21.2
POL,1968,22.2
POL,1969,22.3
POL,1970,23.1
POL,1971,23.5
POL,1972,23.3
POL,1973,23
POL,1974,21.3
POL,1975,22
POL,1976,23.2
POL,1977,24
POL,1978,25.5
POL,1979,24.2
POL,1983,23
POL,1984,26.4
POL,1985,25.4
POL,1986,25.1
POL,1987,25.5
POL,1988,23.4
POL,1989,21.9
POL,1990,24.7
POL,1991,27
POL,1992,28.3
POL,1993,27.6
POL,1994,27.4
POL,1995,26.7
POL,1996,26.4
POL,1999,27.3
POL,2000,27.7
POL,2001,27.8
POL,2002,27.2
POL,2003,27.1
POL,2004,28
POL,2005,27.8
POL,2006,26.7
POL,2007,24.2
POL,2008,26.2
POL,2009,29.5
POL,2010,29.1
POL,2011,28.1
POL,2012,29
POL,2013,28.2
POL,2014,26.7
POL,2015,24.5
POL,2016,21.4
POL,2017,20.1
POL,2018,20.1
POL,1960,3.6
POL,1961,4
POL,1962,4.6
POL,1963,3.5
POL,1964,4.3
POL,1965,4
POL,1966,4.1
POL,1967,4.2
POL,1968,4.3
POL,1969,4.8
POL,1970,4.7
POL,1971,4.6
POL,1972,4.6
POL,1973,4.7
POL,1974,4.7
POL,1975,4.1
POL,1976,4.4
POL,1977,4.4
POL,1978,4.5
POL,1979,4.4
POL,1983,4.6
POL,1984,5.3
POL,1985,4.9
POL,1986,4.9
POL,1987,5.2
POL,1988,4.8
POL,1989,4.1
POL,1990,4.9
POL,1991,4.8
POL,1992,5.4
POL,1993,5.4
POL,1994,4.8
POL,1995,5
POL,1996,4.8
POL,1999,4.5
POL,2000,4.9
POL,2001,4.3
POL,2002,5
POL,2003,4.4
POL,2004,4.5
POL,2005,4.5
POL,2006,4.2
POL,2007,3.9
POL,2008,3.9
POL,2009,4.5
POL,2010,4
POL,2011,3.6
POL,2012,3.8
POL,2013,4
POL,2014,3.8
POL,2015,3.5
POL,2016,2.8
POL,2017,2.8
POL,2018,2.7
PRT,1960,21.5
PRT,1961,21.1
PRT,1962,20.7
PRT,1963,22.5
PRT,1964,23.8
PRT,1965,23.3
PRT,1966,22.7
PRT,1967,23.8
PRT,1968,22.3
PRT,1969,22.3
PRT,1970,19
PRT,1971,20.9
PRT,1972,19.4
PRT,1973,19.2
PRT,1974,19
PRT,1975,18
PRT,1976,21
PRT,1977,20
PRT,1978,20.7
PRT,1979,21.3
PRT,1980,15.7
PRT,1981,15.6
PRT,1982,15.7
PRT,1983,17.9
PRT,1984,18.3
PRT,1985,18.2
PRT,1986,17.8
PRT,1987,18.1
PRT,1988,15.7
PRT,1989,13.9
PRT,1990,15.5
PRT,1991,17.2
PRT,1992,15.4
PRT,1993,13.9
PRT,1994,13.6
PRT,1995,13.3
PRT,1996,11.5
PRT,1997,10.8
PRT,1998,9.1
PRT,1999,9
PRT,2000,9
PRT,2001,12.5
PRT,2002,19.5
PRT,2003,18.3
PRT,2007,14.7
PRT,2008,15.4
PRT,2009,15.6
PRT,2010,15.9
PRT,2011,14.9
PRT,2012,16
PRT,2013,15
PRT,2014,17.1
PRT,2015,14.8
PRT,2016,13.8
PRT,2017,14.4
PRT,2018,13.5
PRT,1960,4.5
PRT,1961,5
PRT,1962,4.2
PRT,1963,4.8
PRT,1964,4.5
PRT,1965,4.8
PRT,1966,5.2
PRT,1967,4.9
PRT,1968,5.1
PRT,1969,4.7
PRT,1970,4.3
PRT,1971,3.9
PRT,1972,4.2
PRT,1973,4.9
PRT,1974,5
PRT,1975,4.8
PRT,1976,4.3
PRT,1977,5
PRT,1978,5.5
PRT,1979,5.5
PRT,1980,4.3
PRT,1981,4.9
PRT,1982,5.3
PRT,1983,5.5
PRT,1984,6.4
PRT,1985,5.9
PRT,1986,5.4
PRT,1987,5.1
PRT,1988,3.8
PRT,1989,3.9
PRT,1990,4.5
PRT,1991,4.6
PRT,1992,4.6
PRT,1993,3.7
PRT,1994,3.3
PRT,1995,4.3
PRT,1996,3
PRT,1997,2.6
PRT,1998,2.5
PRT,1999,2.4
PRT,2000,1.9
PRT,2001,3
PRT,2002,4.6
PRT,2003,4.5
PRT,2007,4.3
PRT,2008,3.8
PRT,2009,3.5
PRT,2010,4.2
PRT,2011,3.5
PRT,2012,3.2
PRT,2013,3.7
PRT,2014,4.6
PRT,2015,4.9
PRT,2016,3.4
PRT,2017,4.2
PRT,2018,3.9
SVK,1992,29.5
SVK,1993,27.8
SVK,1994,26.1
SVK,1995,27.3
SVK,1996,24.6
SVK,1997,23.1
SVK,1998,24.2
SVK,1999,25.2
SVK,2000,24.8
SVK,2001,24.6
SVK,2002,26
SVK,2003,26.3
SVK,2004,22.1
SVK,2005,23.4
SVK,2008,19.7
SVK,2009,21.1
SVK,2010,20.7
SVK,2012,19.1
SVK,2013,20.3
SVK,2014,18.1
SVK,1992,5.7
SVK,1993,4.6
SVK,1994,4.3
SVK,1995,4.9
SVK,1996,4.1
SVK,1997,4.2
SVK,1998,3.4
SVK,1999,3.8
SVK,2000,5.1
SVK,2001,4.2
SVK,2002,3.7
SVK,2003,3.8
SVK,2004,4
SVK,2005,3.4
SVK,2008,2.9
SVK,2009,2
SVK,2010,3.2
SVK,2012,2.4
SVK,2013,2.8
SVK,2014,2.7
ESP,1960,11.8
ESP,1961,11.5
ESP,1962,10.5
ESP,1963,10.4
ESP,1964,11.1
ESP,1965,10.2
ESP,1966,10.4
ESP,1967,9.8
ESP,1968,9.3
ESP,1969,9.9
ESP,1971,9.5
ESP,1972,9.6
ESP,1973,8.8
ESP,1974,8.3
ESP,1975,8
ESP,1976,8.3
ESP,1977,8.3
ESP,1978,7.9
ESP,1979,8.3
ESP,1980,8.7
ESP,1981,8.7
ESP,1982,9.1
ESP,1983,10.6
ESP,1984,11.9
ESP,1985,12
ESP,1986,12.9
ESP,1987,12.6
ESP,1988,13.2
ESP,1989,13.4
ESP,1990,12.9
ESP,1991,12.5
ESP,1992,12.4
ESP,1993,13.2
ESP,1994,13.7
ESP,1995,13.4
ESP,1996,13.5
ESP,1997,13.9
ESP,1998,13.4
ESP,1999,12.8
ESP,2000,13.3
ESP,2001,12.3
ESP,2002,12.6
ESP,2003,12.8
ESP,2004,12.5
ESP,2005,11.8
ESP,2006,11.3
ESP,2007,10.9
ESP,2008,11.5
ESP,2009,11.4
ESP,2010,10.5
ESP,2011,10.2
ESP,2012,11.2
ESP,2013,11.9
ESP,2014,12
ESP,2015,10.9
ESP,2016,10.7
ESP,2017,10.9
ESP,1960,3.6
ESP,1961,3.1
ESP,1962,3
ESP,1963,3.1
ESP,1964,2.9
ESP,1965,3
ESP,1966,2.7
ESP,1967,2.7
ESP,1968,2.7
ESP,1969,2.5
ESP,1971,2.6
ESP,1972,2.7
ESP,1973,2.8
ESP,1974,2.6
ESP,1975,2.3
ESP,1976,2.5
ESP,1977,2.5
ESP,1978,2.5
ESP,1979,2.4
ESP,1980,2.4
ESP,1981,2.6
ESP,1982,2.9
ESP,1983,3.3
ESP,1984,3.6
ESP,1985,3.7
ESP,1986,3.9
ESP,1987,4.1
ESP,1988,4.2
ESP,1989,4
ESP,1990,4.1
ESP,1991,3.9
ESP,1992,3.4
ESP,1993,3.7
ESP,1994,3.6
ESP,1995,3.6
ESP,1996,4.1
ESP,1997,4
ESP,1998,3.5
ESP,1999,3.7
ESP,2000,3.7
ESP,2001,3.3
ESP,2002,3.6
ESP,2003,3.6
ESP,2004,3.6
ESP,2005,3.4
ESP,2006,3
ESP,2007,3.2
ESP,2008,3.1
ESP,2009,3
ESP,2010,2.7
ESP,2011,2.8
ESP,2012,3.1
ESP,2013,3.6
ESP,2014,3.7
ESP,2015,3.5
ESP,2016,3.4
ESP,2017,3.6
SWE,1960,28.6
SWE,1961,27.7
SWE,1962,29.3
SWE,1963,28.8
SWE,1964,30.9
SWE,1965,29.5
SWE,1966,31.2
SWE,1967,33.7
SWE,1968,33.3
SWE,1969,33.2
SWE,1970,33.2
SWE,1971,30.3
SWE,1972,31.2
SWE,1973,31.2
SWE,1974,30.3
SWE,1975,29.6
SWE,1976,28.1
SWE,1977,29.8
SWE,1978,27.8
SWE,1979,29.9
SWE,1980,29.1
SWE,1981,25.7
SWE,1982,29.1
SWE,1983,28.3
SWE,1984,28.2
SWE,1985,25.6
SWE,1986,27.6
SWE,1987,26.5
SWE,1988,26.9
SWE,1989,27.3
SWE,1990,24.5
SWE,1991,24.7
SWE,1992,22.2
SWE,1993,22.7
SWE,1994,21.7
SWE,1995,21.8
SWE,1996,20.2
SWE,1997,19.8
SWE,1998,20.2
SWE,1999,19.7
SWE,2000,18.2
SWE,2001,18.9
SWE,2002,19.4
SWE,2003,17.3
SWE,2004,18.6
SWE,2005,18.5
SWE,2006,17.8
SWE,2007,17.4
SWE,2008,18.2
SWE,2009,18.8
SWE,2010,17.5
SWE,2011,16.4
SWE,2012,16.8
SWE,2013,17.5
SWE,2014,15.8
SWE,2015,17.1
SWE,2016,15.4
SWE,2017,16.2
SWE,2018,17
SWE,1960,8.9
SWE,1961,8.5
SWE,1962,9.6
SWE,1963,10.1
SWE,1964,11.2
SWE,1965,10.3
SWE,1966,11
SWE,1967,11.7
SWE,1968,11.9
SWE,1969,13.1
SWE,1970,13.6
SWE,1971,12.5
SWE,1972,11.6
SWE,1973,12.3
SWE,1974,11.6
SWE,1975,11.4
SWE,1976,11.6
SWE,1977,11.4
SWE,1978,12
SWE,1979,13
SWE,1980,11.5
SWE,1981,10.7
SWE,1982,11.3
SWE,1983,10.9
SWE,1984,11.8
SWE,1985,11.2
SWE,1986,10.1
SWE,1987,10.8
SWE,1988,11.4
SWE,1989,10.3
SWE,1990,10.2
SWE,1991,10
SWE,1992,9.3
SWE,1993,9.4
SWE,1994,8.4
SWE,1995,8.9
SWE,1996,8.2
SWE,1997,7.5
SWE,1998,7.5
SWE,1999,7.8
SWE,2000,7.1
SWE,2001,7.6
SWE,2002,6.8
SWE,2003,7.1
SWE,2004,6.8
SWE,2005,8.1
SWE,2006,8.1
SWE,2007,6.9
SWE,2008,6.6
SWE,2009,7.3
SWE,2010,6.1
SWE,2011,6.6
SWE,2012,6.8
SWE,2013,7.3
SWE,2014,7.2
SWE,2015,6.6
SWE,2016,6.8
SWE,2017,6.7
SWE,2018,7.4
CHE,1960,32.9
CHE,1961,31.1
CHE,1962,32.3
CHE,1963,29.9
CHE,1964,28.2
CHE,1965,33.9
CHE,1966,32.3
CHE,1967,31.6
CHE,1968,29.9
CHE,1969,29.4
CHE,1970,32.8
CHE,1971,30.5
CHE,1972,32.6
CHE,1973,32
CHE,1974,33.9
CHE,1975,36.8
CHE,1976,36.2
CHE,1977,37.6
CHE,1978,37.8
CHE,1979,37
CHE,1980,39.6
CHE,1981,36.5
CHE,1982,37.1
CHE,1983,38.9
CHE,1984,37.6
CHE,1985,37.2
CHE,1986,34.4
CHE,1987,36.8
CHE,1988,33.4
CHE,1989,33.9
CHE,1990,33.1
CHE,1991,36
CHE,1992,32.4
CHE,1993,31.1
CHE,1994,32.8
CHE,1995,31.2
CHE,1996,30.6
CHE,1997,28.9
CHE,1998,30.2
CHE,1999,27.4
CHE,2000,28.6
CHE,2001,27.5
CHE,2002,28
CHE,2003,24.1
CHE,2004,24.1
CHE,2005,24.9
CHE,2006,23.5
CHE,2007,24.8
CHE,2008,22.7
CHE,2009,21.1
CHE,2010,18.1
CHE,2011,18.8
CHE,2012,18.4
CHE,2013,18.9
CHE,2014,17.7
CHE,2015,18.4
CHE,2016,17.2
CHE,2017,17.3
CHE,1960,11.5
CHE,1961,11.8
CHE,1962,11.5
CHE,1963,10.2
CHE,1964,10.9
CHE,1965,10.5
CHE,1966,11.1
CHE,1967,9.7
CHE,1968,10.5
CHE,1969,10.4
CHE,1970,11
CHE,1971,12.3
CHE,1972,12.1
CHE,1973,11.6
CHE,1974,13.1
CHE,1975,13.5
CHE,1976,13
CHE,1977,14.8
CHE,1978,14.7
CHE,1979,15.8
CHE,1980,15.2
CHE,1981,14.5
CHE,1982,14.6
CHE,1983,14.1
CHE,1984,14
CHE,1985,15.1
CHE,1986,13
CHE,1987,13.1
CHE,1988,12.5
CHE,1989,12.8
CHE,1990,12.3
CHE,1991,11.3
CHE,1992,10.5
CHE,1993,11
CHE,1994,11.7
CHE,1995,10.8
CHE,1996,11.2
CHE,1997,9.8
CHE,1998,9.4
CHE,1999,9.4
CHE,2000,10.2
CHE,2001,9.9
CHE,2002,11.5
CHE,2003,10.2
CHE,2004,10.3
CHE,2005,9.6
CHE,2006,10.5
CHE,2007,10.2
CHE,2008,10.3
CHE,2009,6.5
CHE,2010,6.5
CHE,2011,6.3
CHE,2012,6.4
CHE,2013,6.3
CHE,2014,6
CHE,2015,6
CHE,2016,5.6
CHE,2017,5.8
TUR,2009,3.5
TUR,2010,3.8
TUR,2011,2.7
TUR,2012,3.3
TUR,2013,4.1
TUR,2014,3.6
TUR,2015,3.3
TUR,2016,4.1
TUR,2019,6.9
TUR,2009,0.9
TUR,2010,1.1
TUR,2011,0.8
TUR,2012,1.1
TUR,2013,1.3
TUR,2014,1.1
TUR,2015,1
TUR,2016,1.1
TUR,2019,1.9
GBR,1960,15.3
GBR,1961,15
GBR,1962,16.2
GBR,1963,16.1
GBR,1964,15.2
GBR,1965,14
GBR,1966,13.5
GBR,1967,13.1
GBR,1968,12.9
GBR,1969,11.9
GBR,1970,10.7
GBR,1971,10.4
GBR,1972,10.2
GBR,1973,10.5
GBR,1974,10.7
GBR,1975,10.1
GBR,1976,10.8
GBR,1977,10.9
GBR,1978,11.1
GBR,1979,11.9
GBR,1980,12.1
GBR,1981,12.6
GBR,1982,12.8
GBR,1983,12.8
GBR,1984,12.9
GBR,1985,13.1
GBR,1986,13
GBR,1987,12.3
GBR,1988,13.5
GBR,1989,12
GBR,1990,12.9
GBR,1991,12.7
GBR,1992,12.8
GBR,1993,12.3
GBR,1994,12
GBR,1995,11.9
GBR,1996,11.1
GBR,1997,11.2
GBR,1998,11.8
GBR,1999,11.9
GBR,2001,11.2
GBR,2002,11
GBR,2003,10.5
GBR,2004,10.9
GBR,2005,10.4
GBR,2006,10.7
GBR,2007,10.1
GBR,2008,10.9
GBR,2009,10.9
GBR,2010,10.5
GBR,2011,11.1
GBR,2012,11.2
GBR,2013,12.2
GBR,2014,11.7
GBR,2015,11.6
GBR,2016,11.4
GBR,1960,8.2
GBR,1961,8.7
GBR,1962,9.3
GBR,1963,9.6
GBR,1964,9.5
GBR,1965,8.8
GBR,1966,8.6
GBR,1967,7.8
GBR,1968,7.6
GBR,1969,7.1
GBR,1970,6.6
GBR,1971,6.6
GBR,1972,6.4
GBR,1973,6.5
GBR,1974,6.5
GBR,1975,6.2
GBR,1976,6.1
GBR,1977,6.4
GBR,1978,6.3
GBR,1979,6.6
GBR,1980,6.8
GBR,1981,6.5
GBR,1982,6.1
GBR,1983,5.8
GBR,1984,5.7
GBR,1985,5.8
GBR,1986,4.9
GBR,1987,4.6
GBR,1988,4.6
GBR,1989,3.8
GBR,1990,3.8
GBR,1991,3.5
GBR,1992,3.6
GBR,1993,3.4
GBR,1994,3.3
GBR,1995,3.2
GBR,1996,3.2
GBR,1997,3.1
GBR,1998,3.2
GBR,1999,3.3
GBR,2001,3
GBR,2002,3.1
GBR,2003,3
GBR,2004,3.3
GBR,2005,3.2
GBR,2006,3
GBR,2007,2.8
GBR,2008,3
GBR,2009,2.9
GBR,2010,3
GBR,2011,3
GBR,2012,2.8
GBR,2013,3
GBR,2014,3.2
GBR,2015,3.5
GBR,2016,3.3
USA,1960,21.8
USA,1961,21.3
USA,1962,21.9
USA,1963,21.8
USA,1964,21.3
USA,1965,21.5
USA,1966,21.3
USA,1967,20.5
USA,1968,20.5
USA,1969,20.7
USA,1970,21.2
USA,1971,21.1
USA,1972,21.7
USA,1973,21.5
USA,1974,21.6
USA,1975,22.1
USA,1976,21.6
USA,1977,22.6
USA,1978,21.4
USA,1979,20.9
USA,1980,20.8
USA,1981,20.8
USA,1982,21.4
USA,1983,21.6
USA,1984,21.9
USA,1985,22.2
USA,1986,22.9
USA,1987,22.9
USA,1988,22.3
USA,1989,22.1
USA,1990,22.6
USA,1991,22.4
USA,1992,21.6
USA,1993,21.9
USA,1994,21.6
USA,1995,21.5
USA,1996,21
USA,1997,20.3
USA,1998,20.1
USA,1999,19
USA,2000,18.5
USA,2001,18.9
USA,2002,19.2
USA,2003,18.7
USA,2004,18.7
USA,2005,18.7
USA,2006,18.7
USA,2007,19.2
USA,2008,19.8
USA,2009,20
USA,2010,20.5
USA,2011,20.8
USA,2012,21.2
USA,2013,21.2
USA,2014,21.6
USA,2015,21.9
USA,2016,22.1
USA,2017,23.2
USA,1960,5.9
USA,1961,5.8
USA,1962,6.5
USA,1963,6.9
USA,1964,6.7
USA,1965,7.3
USA,1966,7
USA,1967,7.2
USA,1968,6.9
USA,1969,7.4
USA,1970,7.7
USA,1971,7.9
USA,1972,7.8
USA,1973,7.5
USA,1974,7.4
USA,1975,7.6
USA,1976,7.4
USA,1977,7.4
USA,1978,6.9
USA,1979,6.6
USA,1980,5.9
USA,1981,6.2
USA,1982,6
USA,1983,5.8
USA,1984,5.8
USA,1985,5.5
USA,1986,5.7
USA,1987,5.5
USA,1988,5.3
USA,1989,5
USA,1990,5.1
USA,1991,4.9
USA,1992,4.8
USA,1993,4.8
USA,1994,4.6
USA,1995,4.5
USA,1996,4.5
USA,1997,4.5
USA,1998,4.4
USA,1999,4.2
USA,2000,4.1
USA,2001,4.2
USA,2002,4.3
USA,2003,4.3
USA,2004,4.6
USA,2005,4.5
USA,2006,4.6
USA,2007,4.8
USA,2008,4.9
USA,2009,5
USA,2010,5.2
USA,2011,5.4
USA,2012,5.5
USA,2013,5.7
USA,2014,6
USA,2015,6.2
USA,2016,6.3
USA,2017,6.4
BRA,1979,6.2
BRA,1980,7.3
BRA,1981,7.1
BRA,1982,7
BRA,1983,7.7
BRA,1984,7.7
BRA,1985,7.3
BRA,1990,7.4
BRA,1991,8.1
BRA,1992,7.9
BRA,1993,7.9
BRA,1994,8.3
BRA,1995,9
BRA,1996,9.2
BRA,1997,9.1
BRA,1998,9.1
BRA,1999,8.2
BRA,2000,8.5
BRA,2001,9.2
BRA,2002,8.6
BRA,2003,8.7
BRA,2004,8.7
BRA,2005,9.2
BRA,2006,9
BRA,2007,9.1
BRA,2008,9.2
BRA,2009,9.3
BRA,2010,9
BRA,2011,9.3
BRA,2012,9.5
BRA,2013,9.6
BRA,2014,9.5
BRA,2015,9.9
BRA,2016,10
BRA,2017,10.6
BRA,2018,10.6
BRA,2019,10.6
BRA,1979,2.4
BRA,1980,2.5
BRA,1981,2.4
BRA,1982,2.2
BRA,1983,2.5
BRA,1984,2.3
BRA,1985,2.1
BRA,1990,2.2
BRA,1991,2.2
BRA,1992,1.9
BRA,1993,1.9
BRA,1994,2
BRA,1995,2.2
BRA,1996,2.2
BRA,1997,2.1
BRA,1998,2
BRA,1999,1.7
BRA,2000,1.8
BRA,2001,2
BRA,2002,2.1
BRA,2003,1.9
BRA,2004,2
BRA,2005,2.1
BRA,2006,2.1
BRA,2007,2.1
BRA,2008,2.1
BRA,2009,2.1
BRA,2010,2.3
BRA,2011,2.2
BRA,2012,2.4
BRA,2013,2.4
BRA,2014,2.3
BRA,2015,2.4
BRA,2016,2.3
BRA,2017,2.6
BRA,2018,2.6
BRA,2019,2.6
CHL,1960,18.6
CHL,1961,16.6
CHL,1962,15.7
CHL,1963,9.6
CHL,1964,6.7
CHL,1965,4.6
CHL,1966,15.5
CHL,1967,6.4
CHL,1968,20.5
CHL,1969,16.2
CHL,1970,13.6
CHL,1971,13.9
CHL,1972,13
CHL,1973,12.4
CHL,1974,14.9
CHL,1975,18.3
CHL,1976,13.5
CHL,1977,15.3
CHL,1978,12.8
CHL,1979,13.8
CHL,1980,10.9
CHL,1981,13
CHL,1982,13.9
CHL,1984,14.4
CHL,1985,14
CHL,1986,12.3
CHL,1987,12.3
CHL,1988,12.6
CHL,1989,13
CHL,1990,12.9
CHL,1991,13
CHL,1992,10.9
CHL,1993,12.7
CHL,1994,13.1
CHL,1995,14.7
CHL,1996,13.8
CHL,1997,13.5
CHL,1998,15.3
CHL,1999,15.1
CHL,2000,20.5
CHL,2001,21.4
CHL,2002,20.4
CHL,2003,20.8
CHL,2004,21.2
CHL,2005,19.7
CHL,2006,20.8
CHL,2007,20.1
CHL,2008,21.9
CHL,2009,22.4
CHL,2010,20.8
CHL,2011,21.1
CHL,2012,19
CHL,2013,17.6
CHL,2014,18.1
CHL,2015,17.8
CHL,2016,18.2
CHL,2017,18.1
CHL,2018,17
CHL,1960,4
CHL,1961,4.1
CHL,1962,2.9
CHL,1963,0.9
CHL,1964,1.3
CHL,1965,1.1
CHL,1966,3.8
CHL,1967,0.9
CHL,1968,4.1
CHL,1969,3.5
CHL,1970,2.9
CHL,1971,2.1
CHL,1972,2.3
CHL,1973,2.4
CHL,1974,2.1
CHL,1975,2.6
CHL,1976,2.7
CHL,1977,1.7
CHL,1978,1.9
CHL,1979,2.4
CHL,1980,1.6
CHL,1981,2.2
CHL,1982,1.7
CHL,1984,1.7
CHL,1985,2.3
CHL,1986,2.2
CHL,1987,2.2
CHL,1988,2
CHL,1989,1.7
CHL,1990,1.9
CHL,1991,2.2
CHL,1992,1.5
CHL,1993,1.8
CHL,1994,1.6
CHL,1995,2
CHL,1996,1.8
CHL,1997,1.9
CHL,1998,1.9
CHL,1999,2
CHL,2000,2.9
CHL,2001,3
CHL,2002,3.4
CHL,2003,3.4
CHL,2004,3.3
CHL,2005,3.5
CHL,2006,3.6
CHL,2007,4.2
CHL,2008,4.9
CHL,2009,5
CHL,2010,4.4
CHL,2011,4.2
CHL,2012,3.7
CHL,2013,3.6
CHL,2014,3.5
CHL,2015,4.2
CHL,2016,3.4
CHL,2017,3.3
CHL,2018,3.3
COL,1960,6.6
COL,1961,7.9
COL,1962,10.3
COL,1963,9.2
COL,1964,9.7
COL,1965,12.6
COL,1966,10.8
COL,1967,12.6
COL,1968,8.9
COL,1969,7.7
COL,1972,8.2
COL,1974,8.3
COL,1975,8.1
COL,1976,8.1
COL,1977,7
COL,1984,9.5
COL,1985,8.9
COL,1986,8.1
COL,1990,6.3
COL,1991,6.3
COL,1992,7
COL,1993,7.2
COL,1994,7.8
COL,1995,7.1
COL,1996,7.5
COL,1997,7.1
COL,1998,12
COL,1999,11.3
COL,2000,11.6
COL,2001,11.6
COL,2002,10.5
COL,2003,10.2
COL,2004,10.9
COL,2005,9.9
COL,2006,9.8
COL,2007,9.6
COL,2008,9.6
COL,2009,9.5
COL,2010,8.8
COL,2011,8.3
COL,2012,8.6
COL,2013,8.1
COL,2014,8.6
COL,2015,9
COL,2016,9.4
COL,2017,9.9
COL,1960,1.8
COL,1961,3
COL,1962,2.6
COL,1963,3
COL,1964,3.3
COL,1965,5.8
COL,1966,4.5
COL,1967,5.2
COL,1968,2.5
COL,1969,1.6
COL,1972,2.1
COL,1974,2.1
COL,1975,2.2
COL,1976,1.9
COL,1977,1.5
COL,1984,1.5
COL,1985,1.5
COL,1986,1.6
COL,1990,1.2
COL,1991,1.3
COL,1992,1.3
COL,1993,1.3
COL,1994,1.5
COL,1995,1.5
COL,1996,1.4
COL,1997,1.5
COL,1998,2.5
COL,1999,2.2
COL,2000,2.4
COL,2001,2.4
COL,2002,2.4
COL,2003,2.5
COL,2004,2.1
COL,2005,2.1
COL,2006,1.9
COL,2007,1.8
COL,2008,1.8
COL,2009,1.8
COL,2010,1.5
COL,2011,1.5
COL,2012,1.5
COL,2013,1.6
COL,2014,1.5
COL,2015,1.9
COL,2016,1.7
COL,2017,1.9
CRI,1961,10.4
CRI,1962,8.1
CRI,1963,10.1
CRI,1964,10.1
CRI,1965,7.1
CRI,1966,10.2
CRI,1967,11.9
CRI,1968,8.1
CRI,1969,8.8
CRI,1970,7.5
CRI,1971,9.4
CRI,1972,8.6
CRI,1973,8.4
CRI,1974,9.3
CRI,1975,10.3
CRI,1976,14.6
CRI,1977,9.5
CRI,1978,9.1
CRI,1979,9.3
CRI,1980,12.4
CRI,1981,9.3
CRI,1982,9.4
CRI,1983,13.1
CRI,1985,11.9
CRI,1986,14.1
CRI,1987,11.3
CRI,1988,15.7
CRI,1989,14.3
CRI,1990,13.9
CRI,1991,12.3
CRI,1992,12.9
CRI,1993,13.1
CRI,1994,11.8
CRI,1995,12.1
CRI,1996,12.9
CRI,1997,11
CRI,1998,13
CRI,1999,13.2
CRI,2000,13.6
CRI,2001,12.2
CRI,2002,14.7
CRI,2003,15.9
CRI,2004,15.6
CRI,2005,12.7
CRI,2006,14.9
CRI,2007,11.1
CRI,2008,11.1
CRI,2009,11.6
CRI,2010,12.5
CRI,2011,12.1
CRI,2012,11.8
CRI,2013,12.5
CRI,2014,9.9
CRI,2015,11.4
CRI,2016,11.9
CRI,2017,9.2
CRI,2019,13.6
CRI,1961,0.3
CRI,1962,0.8
CRI,1963,2.4
CRI,1964,1.2
CRI,1965,0.5
CRI,1966,0.7
CRI,1967,0.3
CRI,1968,0.6
CRI,1969,0.6
CRI,1970,0.6
CRI,1971,1.4
CRI,1972,1.3
CRI,1973,1.4
CRI,1974,1.4
CRI,1975,2
CRI,1976,3.1
CRI,1977,2.7
CRI,1978,1.8
CRI,1979,1.3
CRI,1980,2.3
CRI,1981,1.3
CRI,1982,2.2
CRI,1983,1.5
CRI,1985,1.3
CRI,1986,1
CRI,1987,1.5
CRI,1988,2
CRI,1989,2.1
CRI,1990,1.4
CRI,1991,1.1
CRI,1992,1.6
CRI,1993,1.9
CRI,1994,1.9
CRI,1995,2.6
CRI,1996,1.3
CRI,1997,1.6
CRI,1998,1.3
CRI,1999,1.2
CRI,2000,1.5
CRI,2001,1.5
CRI,2002,1.9
CRI,2003,2.3
CRI,2004,2.2
CRI,2005,1.8
CRI,2006,2.5
CRI,2007,1.8
CRI,2008,1.6
CRI,2009,1.8
CRI,2010,1.9
CRI,2011,2.3
CRI,2012,1.8
CRI,2013,1.7
CRI,2014,1.9
CRI,2015,2.1
CRI,2016,2.1
CRI,2017,2.2
CRI,2019,2
EST,1981,65.6
EST,1982,60.8
EST,1985,59.4
EST,1986,50.5
EST,1987,48.7
EST,1988,45.3
EST,1989,44.3
EST,1990,48.3
EST,1991,51.6
EST,1992,59.5
EST,1993,73.5
EST,1994,79.1
EST,1995,76.2
EST,1996,75.9
EST,1997,73.7
EST,1998,66.9
EST,1999,64.9
EST,2000,47.4
EST,2001,50.2
EST,2002,48.3
EST,2003,44.6
EST,2004,42.9
EST,2005,35.5
EST,2006,30
EST,2007,35.4
EST,2008,30.7
EST,2009,35.4
EST,2010,28.9
EST,2011,28.5
EST,2012,30.7
EST,2013,28.1
EST,2014,31.9
EST,2015,26.2
EST,2016,23.5
EST,2017,27.5
EST,2018,24.3
EST,2019,23.8
EST,1981,18.4
EST,1982,15.3
EST,1985,12.3
EST,1986,14.2
EST,1987,11
EST,1988,13.6
EST,1989,14.5
EST,1990,14.6
EST,1991,13
EST,1992,15.1
EST,1993,15.4
EST,1994,15
EST,1995,16
EST,1996,14.5
EST,1997,11.7
EST,1998,10.6
EST,1999,11.8
EST,2000,10.8
EST,2001,10.9
EST,2002,9.3
EST,2003,8.3
EST,2004,7.7
EST,2005,6.6
EST,2006,6.6
EST,2007,5.5
EST,2008,6.7
EST,2009,6
EST,2010,5.1
EST,2011,5
EST,2012,5.3
EST,2013,5.4
EST,2014,6
EST,2015,4.5
EST,2016,4.6
EST,2017,6.8
EST,2018,5.3
EST,2019,5.2
ISR,1975,13.4
ISR,1976,14.5
ISR,1977,11
ISR,1978,9.4
ISR,1979,12.3
ISR,1980,10.9
ISR,1981,9.5
ISR,1982,8.6
ISR,1983,11.9
ISR,1984,10.3
ISR,1985,10.9
ISR,1986,12.5
ISR,1987,13.4
ISR,1988,13.6
ISR,1989,16.2
ISR,1990,13.2
ISR,1991,14.6
ISR,1992,14.4
ISR,1993,14
ISR,1994,15.1
ISR,1995,12.5
ISR,1996,10.8
ISR,1997,13.3
ISR,1998,10.5
ISR,1999,12
ISR,2000,12
ISR,2001,12.5
ISR,2002,10.9
ISR,2003,13
ISR,2004,11.5
ISR,2005,10.9
ISR,2006,9.5
ISR,2007,9
ISR,2008,10
ISR,2009,9.9
ISR,2010,12.6
ISR,2011,10.5
ISR,2012,10.9
ISR,2013,9
ISR,2014,8.8
ISR,2015,7.9
ISR,2016,9.4
ISR,2017,8.8
ISR,2018,9.9
ISR,1975,9.6
ISR,1976,8.6
ISR,1977,6.4
ISR,1978,6.4
ISR,1979,6.5
ISR,1980,5.9
ISR,1981,5.2
ISR,1982,5.2
ISR,1983,5.4
ISR,1984,5
ISR,1985,4.9
ISR,1986,6
ISR,1987,5
ISR,1988,5.6
ISR,1989,6
ISR,1990,4.7
ISR,1991,5.5
ISR,1992,5.1
ISR,1993,4.7
ISR,1994,5.6
ISR,1995,4.7
ISR,1996,3.3
ISR,1997,3.3
ISR,1998,3.1
ISR,1999,2.9
ISR,2000,3.2
ISR,2001,2.8
ISR,2002,3.2
ISR,2003,2.6
ISR,2004,3.1
ISR,2005,4.1
ISR,2006,2.8
ISR,2007,2
ISR,2008,1.8
ISR,2009,2.8
ISR,2010,2.6
ISR,2011,2.5
ISR,2012,2.3
ISR,2013,2.3
ISR,2014,2.4
ISR,2015,2
ISR,2016,1.8
ISR,2017,2.5
ISR,2018,2.4
LVA,1980,59.2
LVA,1981,64.5
LVA,1982,60.9
LVA,1983,62.3
LVA,1984,63.3
LVA,1985,54.9
LVA,1986,46
LVA,1987,39.7
LVA,1988,40.9
LVA,1989,44.8
LVA,1990,49.6
LVA,1991,52.7
LVA,1992,64.1
LVA,1993,80
LVA,1994,77.3
LVA,1995,76.6
LVA,1996,69.7
LVA,1997,67.1
LVA,1998,63.4
LVA,1999,56.7
LVA,2000,61.7
LVA,2001,55.1
LVA,2002,51.5
LVA,2003,48.6
LVA,2004,45.3
LVA,2005,43.3
LVA,2006,40.5
LVA,2007,37.5
LVA,2008,42.9
LVA,2009,42.5
LVA,2010,39.1
LVA,2011,38.7
LVA,2012,38.9
LVA,2013,34.1
LVA,2014,33.5
LVA,2015,33
LVA,2016,31.2
LVA,2017,31
LVA,2018,28.1
LVA,1980,15
LVA,1981,13.5
LVA,1982,17.1
LVA,1983,14.3
LVA,1984,15.1
LVA,1985,13.4
LVA,1986,11.7
LVA,1987,14
LVA,1988,12
LVA,1989,15.1
LVA,1990,10.8
LVA,1991,12.5
LVA,1992,14.7
LVA,1993,16.4
LVA,1994,13.9
LVA,1995,14.7
LVA,1996,13.4
LVA,1997,13.1
LVA,1998,12.1
LVA,1999,12.6
LVA,2000,11.2
LVA,2001,10.1
LVA,2002,11.2
LVA,2003,9.2
LVA,2004,7.9
LVA,2005,8.7
LVA,2006,5.9
LVA,2007,7.1
LVA,2008,7.5
LVA,2009,7.7
LVA,2010,4.5
LVA,2011,5.7
LVA,2012,5.6
LVA,2013,4.9
LVA,2014,5.8
LVA,2015,6.3
LVA,2016,5.9
LVA,2017,5.3
LVA,2018,2.9
LTU,1981,67.8
LTU,1982,67.1
LTU,1985,66.2
LTU,1986,49.4
LTU,1987,56.7
LTU,1988,48.3
LTU,1989,52.6
LTU,1990,50.9
LTU,1991,59.3
LTU,1992,66.1
LTU,1993,84.4
LTU,1994,93.2
LTU,1995,91.3
LTU,1996,90.3
LTU,1997,87.3
LTU,1998,85
LTU,1999,84.1
LTU,2000,86.6
LTU,2001,83.3
LTU,2002,85.6
LTU,2003,79
LTU,2004,74.4
LTU,2005,71.9
LTU,2006,57.1
LTU,2007,57.4
LTU,2008,61.7
LTU,2009,64.4
LTU,2010,56.9
LTU,2011,58.1
LTU,2012,53.9
LTU,2013,63.1
LTU,2014,55.3
LTU,2015,52.8
LTU,2016,50.9
LTU,2017,43.9
LTU,2018,40.5
LTU,2019,39.9
LTU,1981,11.5
LTU,1982,13.2
LTU,1985,13.6
LTU,1986,10.9
LTU,1987,12.1
LTU,1988,13
LTU,1989,10.4
LTU,1990,10.2
LTU,1991,11.8
LTU,1992,14.5
LTU,1993,14.6
LTU,1994,14
LTU,1995,16.4
LTU,1996,18
LTU,1997,15.1
LTU,1998,14.7
LTU,1999,14.3
LTU,2000,16.7
LTU,2001,14.9
LTU,2002,12.7
LTU,2003,13.4
LTU,2004,13.8
LTU,2005,12.4
LTU,2006,10.3
LTU,2007,9.3
LTU,2008,10.3
LTU,2009,9.8
LTU,2010,10.3
LTU,2011,10.9
LTU,2012,9.4
LTU,2013,11.2
LTU,2014,8.6
LTU,2015,9.5
LTU,2016,7.1
LTU,2017,8.5
LTU,2018,7.5
LTU,2019,6.5
RUS,1980,67.7
RUS,1981,68.1
RUS,1982,68.4
RUS,1985,61.4
RUS,1986,44.5
RUS,1987,45.5
RUS,1988,48.1
RUS,1989,51.5
RUS,1990,52.2
RUS,1991,52.2
RUS,1992,60.9
RUS,1993,75.6
RUS,1994,84.6
RUS,1995,80.9
RUS,1996,76.6
RUS,1997,72.4
RUS,1998,67.4
RUS,1999,74.2
RUS,2000,74.3
RUS,2001,74.6
RUS,2002,71.3
RUS,2003,68.4
RUS,2004,64.3
RUS,2005,60
RUS,2006,55.4
RUS,2007,52.4
RUS,2008,49
RUS,2009,47.6
RUS,2010,42.3
RUS,2011,39
RUS,2012,36.9
RUS,2013,36.2
RUS,2014,33.7
RUS,2015,31.2
RUS,2019,21.6
RUS,1980,14.5
RUS,1981,13.9
RUS,1982,13.9
RUS,1985,13.1
RUS,1986,11.8
RUS,1987,11.7
RUS,1988,12.1
RUS,1989,11.6
RUS,1990,11.7
RUS,1991,11.2
RUS,1992,12
RUS,1993,13.3
RUS,1994,13.7
RUS,1995,14
RUS,1996,12.7
RUS,1997,12.3
RUS,1998,11.6
RUS,1999,12.7
RUS,2000,11.6
RUS,2001,11.5
RUS,2002,11.5
RUS,2003,10.6
RUS,2004,10.3
RUS,2005,9.3
RUS,2006,9
RUS,2007,9.2
RUS,2008,8.7
RUS,2009,8.1
RUS,2010,7.2
RUS,2011,6.9
RUS,2012,6.7
RUS,2013,6.1
RUS,2014,5.7
RUS,2015,5.6
RUS,2019,3.5
SVN,1985,60.3
SVN,1986,56
SVN,1987,53.8
SVN,1988,57.3
SVN,1989,61.6
SVN,1990,50.7
SVN,1991,59.9
SVN,1992,50.2
SVN,1993,56.1
SVN,1994,54.5
SVN,1995,49
SVN,1996,52.2
SVN,1997,52.2
SVN,1998,52.4
SVN,1999,49.7
SVN,2000,48.3
SVN,2001,49.9
SVN,2002,45.4
SVN,2003,46.4
SVN,2004,36.5
SVN,2005,40.2
SVN,2006,42.5
SVN,2007,33.2
SVN,2008,32
SVN,2009,33.3
SVN,2010,32.8
SVN,2011,33.9
SVN,2012,34.2
SVN,2013,33.9
SVN,2014,30
SVN,2015,30.9
SVN,2016,27.5
SVN,2017,29.9
SVN,2018,25.1
SVN,2019,27.3
SVN,1985,15.2
SVN,1986,14.1
SVN,1987,17.7
SVN,1988,17.2
SVN,1989,16.7
SVN,1990,13.2
SVN,1991,14.7
SVN,1992,14.6
SVN,1993,12.7
SVN,1994,13.6
SVN,1995,12.4
SVN,1996,14
SVN,1997,11.5
SVN,1998,12.9
SVN,1999,13.3
SVN,2000,14.5
SVN,2001,11.2
SVN,2002,9.8
SVN,2003,11
SVN,2004,12.7
SVN,2005,9.7
SVN,2006,9.9
SVN,2007,8.5
SVN,2008,7.3
SVN,2009,8
SVN,2010,6.6
SVN,2011,7.3
SVN,2012,6.8
SVN,2013,6.9
SVN,2014,5.1
SVN,2015,7.3
SVN,2016,6.2
SVN,2017,6.6
SVN,2018,6.4
SVN,2019,7.1
ZAF,1996,1.1
ZAF,1997,0.6
ZAF,1998,1.3
ZAF,1999,1.5
ZAF,2000,1.3
ZAF,2001,1.8
ZAF,2002,1
ZAF,2003,1.2
ZAF,2004,2
ZAF,2005,2.3
ZAF,2006,2.4
ZAF,2007,1.7
ZAF,2008,1.9
ZAF,2009,1.3
ZAF,2010,1.7
ZAF,2011,1.3
ZAF,2012,1.8
ZAF,2013,2.3
ZAF,2014,2.1
ZAF,2015,1.8
ZAF,1996,0.2
ZAF,1997,0.2
ZAF,1998,0.2
ZAF,1999,0.4
ZAF,2000,0.3
ZAF,2001,0.3
ZAF,2002,0.2
ZAF,2003,0.4
ZAF,2004,0.4
ZAF,2005,0.5
ZAF,2006,0.5
ZAF,2007,0.5
ZAF,2008,0.4
ZAF,2009,0.4
ZAF,2010,0.4
ZAF,2011,0.3
ZAF,2012,0.5
ZAF,2013,0.5
ZAF,2014,0.5
ZAF,2015,0.4
